match_id,inning,over,ball,batsman_runs,bowler_runs,is_wicket
969,1,6,3,1,2,0
84,2,11,4,4,6,1
223,1,7,5,0,0,1
1578,2,4,5,6,0,0
1301,2,18,2,4,1,0
1655,2,1,4,0,1,0
1420,1,13,2,0,3,1
371,1,14,5,2,4,1
1492,2,11,1,4,1,0
1055,1,2,6,0,4,1
1666,2,3,6,6,4,0
1786,2,3,5,6,0,0
1604,2,14,4,3,2,1
1756,2,6,4,0,0,1
228,1,15,6,4,3,1
220,1,19,1,2,1,0
74,2,18,3,6,2,1
515,2,14,6,0,6,0
202,1,10,6,0,2,0
1309,1,12,2,3,0,0
1577,1,4,4,0,0,0
1923,1,3,2,1,0,1
1346,2,11,3,0,0,1
105,1,2,4,2,1,0
504,1,3,5,2,2,0
1030,2,1,2,0,0,1
1578,2,8,6,0,6,0
1359,1,15,1,3,2,0
325,1,4,1,4,3,1
1658,1,8,2,0,4,0
165,1,5,5,3,3,0
524,2,1,1,0,1,0
71,1,3,5,6,6,1
875,1,18,2,6,1,0
1694,1,15,5,3,0,0
21,1,15,1,2,0,1
827,1,18,4,1,6,0
1073,2,5,1,4,2,1
1665,1,11,3,0,3,0
1850,1,1,1,4,6,0
186,2,6,3,6,2,1
1141,2,13,2,0,0,0
701,1,3,4,0,4,1
1231,2,17,6,2,1,1
224,1,16,1,6,3,0
1423,2,14,2,6,1,1
1732,1,12,5,2,6,0
1631,2,12,4,2,3,0
206,2,19,5,3,6,1
1073,1,19,1,3,0,0
1072,2,17,5,0,0,0
159,2,12,6,0,2,0
1543,2,17,3,2,0,1
991,2,15,3,6,2,0
1527,2,19,3,3,4,0
1835,1,3,3,6,2,0
1977,1,1,2,3,3,0
287,1,1,4,3,0,0
1058,2,16,4,1,6,0
463,2,9,2,0,1,0
202,1,2,6,2,0,0
1482,2,6,4,2,1,1
577,2,3,4,1,4,0
1551,1,14,2,0,3,0
389,1,10,1,1,6,0
1392,2,9,2,1,0,1
1370,1,19,3,6,6,0
1245,1,13,6,4,6,0
450,2,12,4,6,2,0
1883,2,17,1,6,0,0
1692,2,5,6,3,1,0
486,2,15,4,0,0,1
1580,1,12,1,2,4,1
1660,1,13,3,4,3,1
1254,2,12,4,0,2,0
1114,1,17,2,0,3,1
1385,1,16,5,4,1,1
1026,1,3,6,4,0,0
177,1,9,6,4,6,0
173,2,6,6,0,4,0
1284,1,17,6,0,1,0
1044,1,8,6,0,0,1
1431,2,2,1,0,0,0
1738,2,14,3,0,3,0
34,1,10,4,3,4,1
1440,1,7,2,2,3,1
1400,2,16,3,2,0,1
688,2,9,5,2,3,1
269,2,9,1,6,2,0
1840,2,20,5,6,0,1
1682,1,7,6,3,1,0
1622,1,12,2,1,1,0
1857,1,10,5,0,6,0
1521,1,7,1,2,4,1
1983,1,4,3,3,0,1
392,2,5,4,0,0,0
1113,2,6,2,6,4,1
573,1,8,3,2,6,1
1050,1,12,4,0,3,0
1659,2,9,6,1,0,0
1828,2,9,2,4,1,0
1871,2,11,4,4,4,0
888,1,17,2,3,1,0
1823,1,2,2,1,2,1
1864,2,7,4,1,2,1
348,2,15,6,4,2,1
131,2,6,1,0,3,1
334,2,13,3,3,2,0
1213,2,2,1,4,4,0
1901,2,18,2,3,6,0
207,1,10,1,0,6,0
819,1,13,5,0,0,1
349,2,3,6,0,1,0
1764,1,14,4,1,0,0
1847,1,7,2,2,1,0
1353,1,17,6,0,3,1
1743,2,12,5,6,1,1
162,2,5,1,6,3,1
983,1,19,3,4,0,0
577,2,7,6,2,0,1
1506,2,16,1,0,2,0
17,1,6,2,6,1,0
234,2,6,4,0,3,0
1136,2,8,3,1,0,0
1472,1,15,2,1,0,1
1628,2,13,2,6,0,0
1677,1,5,3,2,0,0
1861,2,14,6,6,6,0
1777,2,13,5,4,4,1
1622,1,3,4,6,6,0
1934,1,11,1,6,0,0
1862,1,16,4,0,1,0
643,1,5,1,0,4,0
756,2,1,2,0,0,0
1076,2,11,6,4,3,1
1563,1,9,1,3,1,1
242,2,20,1,2,6,1
783,1,16,4,4,1,1
754,2,9,4,2,0,0
554,2,18,4,6,4,1
810,2,9,3,1,1,0
1169,1,4,2,3,0,0
457,1,19,6,6,6,0
1602,2,5,3,0,6,0
112,2,17,6,2,0,0
1888,1,15,2,6,6,0
1756,1,6,2,0,3,0
264,2,19,3,1,0,0
614,1,3,3,2,4,1
652,2,18,1,0,0,1
1411,1,11,2,1,3,0
1918,1,6,3,4,4,0
346,2,5,4,6,4,1
136,2,13,3,0,6,1
1266,1,8,3,0,1,1
1850,1,8,1,0,0,1
533,2,6,6,0,4,0
1846,2,4,4,6,1,0
1195,2,4,5,4,3,0
624,1,4,1,6,1,0
898,1,13,2,0,1,0
971,1,4,2,2,6,0
1275,1,3,2,6,0,0
1223,1,8,2,0,0,0
477,2,13,5,0,1,1
1221,2,11,1,6,0,0
8,2,8,3,4,2,1
1888,1,16,4,1,6,1
66,1,20,1,0,0,0
766,2,5,2,2,1,0
1893,1,18,2,3,3,0
1048,1,16,6,1,4,0
733,2,4,2,0,0,1
177,2,15,1,0,0,1
1222,1,5,1,1,1,1
330,2,12,1,2,4,1
1499,2,2,2,0,0,0
870,2,1,4,4,3,0
393,2,17,2,0,0,1
1036,1,15,4,3,3,0
833,2,12,1,1,0,0
1063,2,12,3,0,3,0
1306,2,4,5,0,0,0
262,1,2,1,4,2,0
325,2,9,3,4,0,0
1740,1,2,3,3,2,0
1522,1,10,5,3,1,1
1551,2,10,6,0,0,0
1672,1,14,1,4,2,1
1942,2,9,5,2,1,1
1669,1,6,6,0,4,1
1358,1,10,2,4,3,0
28,2,7,3,4,0,1
1127,2,11,4,0,2,0
837,2,3,6,4,0,0
914,2,12,4,0,1,1
1867,1,7,2,0,4,0
1689,2,4,2,6,1,0
1262,2,16,3,1,6,1
67,2,1,4,6,0,0
814,1,19,1,0,6,0
946,1,9,5,0,0,0
1201,2,6,2,4,0,0
1218,2,9,3,3,1,1
925,2,2,6,2,3,1
423,2,6,2,3,2,0
1325,2,2,3,0,1,0
80,1,10,6,1,4,0
423,2,19,2,3,2,0
332,2,13,1,3,0,0
42,1,7,6,4,0,1
107,1,7,2,1,0,1
1842,2,2,3,0,0,1
954,1,20,5,0,0,0
1070,1,2,5,0,3,1
737,1,9,3,0,4,0
1692,2,10,4,0,4,1
854,1,12,3,0,0,0
466,1,20,6,2,3,1
1296,1,19,3,0,3,0
844,1,8,3,1,3,1
1968,2,15,6,1,3,1
1102,2,2,1,3,1,0
1705,2,11,3,0,6,0
318,2,1,1,3,6,1
843,1,4,5,2,1,0
861,2,1,1,6,0,0
703,1,15,5,0,4,0
1406,2,3,1,2,4,0
827,2,12,4,4,3,0
1236,2,17,5,3,3,1
1447,1,17,3,1,3,1
1946,1,7,6,1,3,0
648,2,9,3,6,4,0
432,1,4,4,4,0,1
875,2,5,3,4,4,0
70,2,15,3,3,1,1
1026,2,16,3,1,0,1
472,2,16,5,1,0,0
1200,1,4,5,3,4,1
816,1,11,1,6,4,1
1258,2,10,3,3,1,1
1431,1,5,5,6,0,0
1673,1,14,1,1,3,1
558,2,13,6,0,2,1
1154,1,17,2,2,0,1
269,1,18,2,4,0,1
1487,1,1,4,0,6,0
238,2,10,2,2,0,1
382,1,5,5,0,0,0
709,2,1,3,2,6,0
1320,1,2,6,0,0,1
272,1,14,4,6,4,0
1345,1,6,3,2,3,1
859,2,17,5,4,6,0
814,2,5,6,6,6,1
1145,2,14,3,6,2,0
1006,2,13,6,3,2,0
463,2,2,3,1,0,0
1503,1,13,1,0,0,1
166,2,12,5,3,2,1
98,2,2,3,6,0,0
242,2,18,6,3,0,0
1424,2,7,5,0,0,0
489,2,17,1,1,6,0
1733,2,8,6,4,3,0
525,1,4,2,1,2,0
1819,1,18,5,0,3,0
1297,2,3,3,6,1,1
1170,2,14,1,0,0,0
997,1,1,5,2,0,1
223,2,20,1,1,0,0
412,1,18,4,3,6,1
1650,2,2,3,4,0,1
255,1,12,6,0,1,0
1358,1,16,3,6,1,0
1090,2,19,6,0,0,1
186,2,4,2,2,4,1
815,2,4,1,3,4,0
576,1,2,4,2,6,0
1142,2,4,6,0,0,0
1468,1,17,6,0,0,1
1431,2,19,1,2,3,0
79,1,18,3,0,4,1
1448,1,16,3,0,0,0
165,1,11,2,0,4,0
507,1,1,4,0,2,1
830,2,19,3,4,0,0
1016,2,8,5,4,4,1
1082,1,12,3,4,6,0
205,1,6,3,4,4,0
11,2,11,6,2,3,0
1580,2,8,5,1,6,0
422,1,10,4,6,6,1
1245,1,16,4,1,0,0
215,1,16,2,1,0,0
428,1,18,5,4,4,1
232,1,2,1,2,1,0
65,2,13,4,0,2,0
1605,2,4,1,6,4,0
53,2,16,6,2,1,0
143,2,10,6,4,0,0
1644,2,6,6,1,0,0
1959,2,6,1,0,1,0
1064,1,4,1,1,4,0
229,1,2,3,0,4,1
1221,2,14,5,0,1,0
372,1,16,3,0,2,0
572,1,8,1,6,0,0
1493,1,10,3,0,3,0
1114,2,20,4,0,1,0
1843,2,5,5,1,3,0
379,2,2,4,1,0,0
922,2,15,1,4,2,1
1535,1,10,3,4,0,1
1879,1,7,3,0,0,1
385,1,13,3,4,3,1
1971,1,4,5,0,2,0
1778,2,10,4,6,1,0
195,1,18,2,0,6,0
758,1,13,1,3,2,1
661,1,15,2,0,4,1
1321,2,15,1,0,6,0
583,1,2,6,6,4,0
189,1,19,6,3,1,0
1898,1,14,1,6,2,0
746,1,5,1,2,1,1
698,1,16,1,6,0,0
827,2,10,2,4,0,0
938,1,9,6,2,0,0
1574,2,17,5,6,0,0
1957,2,13,1,0,0,0
278,1,14,5,6,0,0
824,2,7,6,1,1,0
467,2,7,5,2,1,0
1385,1,1,6,4,3,0
130,1,18,1,0,3,0
1379,2,19,2,3,6,0
1048,2,15,3,6,1,1
684,2,6,5,4,3,0
401,2,1,5,3,0,1
103,2,8,4,6,2,0
1292,1,8,1,0,3,1
1614,1,16,2,3,3,1
1667,2,6,5,1,2,1
683,1,14,5,3,2,0
1444,2,6,1,6,2,0
1526,2,11,5,6,1,0
1323,1,16,3,4,0,0
1124,1,4,2,0,0,0
1957,1,4,6,0,6,0
206,2,17,2,1,4,1
336,2,16,6,6,3,0
1158,2,18,6,1,4,0
425,1,6,6,2,2,0
655,2,9,3,0,2,1
1097,1,4,2,0,0,0
1295,1,2,2,0,2,0
1599,2,2,3,0,1,0
322,1,1,3,0,1,0
688,2,5,4,3,0,0
550,1,9,4,1,0,0
1502,1,7,1,0,3,0
1576,2,10,6,0,0,0
1496,1,4,5,3,0,0
1767,1,4,3,6,2,0
1379,2,1,4,6,0,1
1197,1,15,1,3,6,1
663,1,14,4,1,3,0
1390,1,13,1,6,0,1
875,2,6,1,3,2,1
1135,1,6,6,2,2,0
1867,1,17,5,3,2,0
55,1,14,3,0,0,0
1731,2,17,1,6,6,0
917,1,5,2,6,0,0
1363,2,4,2,2,6,0
1703,1,4,4,6,3,0
931,2,7,4,1,4,0
1086,1,10,1,3,1,0
639,2,12,3,0,3,1
1276,2,2,5,0,0,0
240,1,4,1,2,0,0
7,1,13,3,0,1,0
1148,2,13,5,3,0,0
1697,2,14,3,0,2,1
1321,1,4,4,2,0,0
553,1,2,2,2,6,0
465,1,7,1,3,0,0
1687,2,15,2,0,6,0
880,2,1,5,2,0,1
1338,1,19,6,0,6,1
1808,2,15,5,4,2,1
202,1,1,4,0,4,0
560,2,8,3,6,3,0
612,2,10,5,4,3,1
1717,2,4,3,6,6,0
1200,1,18,5,3,0,0
633,1,15,3,6,6,0
550,1,20,6,1,0,1
1904,2,16,3,2,0,1
308,2,2,4,0,4,0
18,1,15,6,2,2,0
1443,1,18,4,3,4,0
1594,1,9,3,0,3,1
822,1,19,3,0,3,0
1527,2,5,3,4,0,1
1950,2,13,2,2,2,0
916,1,9,6,0,2,0
1704,1,5,2,0,0,0
201,1,9,3,6,2,0
1788,1,20,1,4,2,0
52,2,7,4,4,3,0
65,2,17,2,6,3,1
1355,1,11,2,0,0,1
336,1,12,1,3,4,0
1493,2,19,1,4,1,0
150,1,10,1,0,6,0
333,2,14,2,4,0,0
1900,2,19,6,3,4,1
694,1,12,3,6,6,0
754,1,16,3,0,2,1
1515,1,4,2,2,4,0
384,2,10,5,6,4,0
848,2,8,3,6,0,0
917,1,6,3,0,0,0
268,1,20,2,4,0,1
82,1,8,2,0,0,1
1149,2,16,5,4,0,0
1583,1,11,6,6,6,0
595,1,10,4,6,3,1
771,2,13,2,1,0,0
1167,2,17,2,1,0,0
867,1,11,1,4,0,0
281,2,5,5,6,3,1
1512,2,19,3,0,4,0
985,2,19,6,3,0,1
184,1,1,3,0,0,0
8,1,7,3,0,2,0
1513,1,11,6,0,6,1
1716,2,4,2,3,0,0
1347,2,5,4,4,6,1
1189,2,11,4,6,0,0
1101,2,20,5,2,4,1
779,1,20,5,0,0,1
703,2,1,3,4,0,1
1673,1,5,6,0,4,0
815,2,7,6,6,0,1
1826,2,19,5,3,6,0
1606,2,3,4,0,1,0
1801,1,12,2,1,1,1
1534,2,6,1,4,1,0
623,2,9,6,1,1,0
1607,1,8,1,6,0,1
1488,2,16,4,4,6,0
476,2,8,1,4,2,1
274,1,14,3,0,1,0
1238,2,17,3,6,1,0
1885,2,18,1,3,2,0
1256,2,11,3,0,3,1
1467,1,1,5,6,2,0
852,1,16,1,0,0,0
1823,2,16,6,6,0,0
1272,2,8,2,6,2,1
1292,2,20,4,4,0,0
1018,2,13,6,4,4,0
60,1,13,4,2,4,1
1441,2,9,1,2,4,0
800,2,15,5,4,6,0
551,1,18,6,2,3,1
1169,2,2,3,6,1,1
200,1,5,2,4,6,0
389,2,16,1,6,0,0
1317,2,16,3,3,0,0
760,2,9,1,2,3,0
1655,2,10,2,2,0,1
83,1,2,2,1,3,0
449,1,10,2,4,1,0
1730,2,4,1,0,0,1
1739,2,10,1,2,1,1
718,1,11,6,3,3,0
952,2,7,3,6,2,1
1351,2,3,5,6,4,0
263,2,14,2,3,1,0
142,1,6,6,4,0,0
953,2,20,1,2,1,0
454,2,11,5,4,2,0
202,2,14,5,0,2,1
1783,1,16,2,1,0,0
328,1,20,6,0,1,0
930,1,18,5,1,4,0
521,2,7,6,4,0,1
274,2,14,2,0,0,0
784,1,10,2,3,3,0
1160,1,19,3,0,6,0
744,2,15,4,6,6,0
80,2,5,5,0,0,0
126,2,20,6,4,2,0
141,2,16,5,1,6,0
613,2,9,2,0,0,1
729,2,2,1,2,3,0
978,1,19,5,0,0,0
1538,1,12,6,4,1,0
1598,1,5,1,2,0,0
188,1,20,6,2,0,0
299,1,7,2,0,0,0
69,2,19,1,2,3,1
984,1,1,2,0,4,0
86,2,20,6,6,2,0
855,2,8,5,0,3,1
883,2,4,4,0,3,0
1974,1,4,6,3,1,1
150,2,9,5,0,0,1
514,1,7,4,4,3,1
1438,1,3,3,1,2,0
273,2,20,5,1,0,1
1597,1,16,5,2,2,0
303,2,11,1,2,1,0
41,2,19,6,4,0,0
590,1,9,4,0,0,0
1704,2,13,5,4,1,1
1763,2,16,2,0,0,1
19,1,8,1,4,1,0
1564,1,7,1,2,4,0
1866,2,12,1,0,0,0
1796,2,9,2,0,1,0
160,2,3,4,0,0,1
1549,2,12,1,2,6,1
1986,2,13,5,6,3,0
1750,2,1,3,0,1,1
1712,1,4,6,6,4,1
1364,2,15,2,4,0,1
1492,1,1,5,0,3,0
185,1,12,6,0,4,0
520,1,14,4,4,4,1
202,2,16,3,6,4,0
1978,2,14,2,6,4,0
670,2,4,5,4,2,0
1335,1,1,6,3,0,0
197,2,5,2,0,4,1
1273,2,6,5,0,2,1
1022,2,14,2,3,3,0
1363,2,8,1,4,4,1
727,1,5,1,2,1,0
852,1,7,1,4,6,1
1820,2,13,4,4,4,1
1177,1,11,4,0,0,0
1440,1,5,1,0,0,0
360,2,11,1,6,0,1
1269,1,6,3,1,3,1
566,2,13,5,3,3,1
1963,1,14,3,2,2,1
1721,1,5,1,0,2,0
1444,1,6,4,0,3,0
1048,1,17,3,0,0,0
1065,2,15,5,0,0,1
658,2,6,4,0,0,1
734,2,10,3,4,0,0
1469,1,3,3,3,1,0
1249,1,6,1,0,0,0
491,1,2,3,2,0,1
317,1,3,5,0,0,1
1793,1,20,3,0,6,0
868,1,19,6,2,3,1
68,1,16,3,0,1,0
442,1,6,3,0,4,0
1628,2,13,1,1,0,0
929,1,7,4,3,0,0
1760,2,16,6,0,1,1
359,2,2,2,0,4,0
767,1,8,4,6,3,1
1426,2,16,4,6,2,1
1391,2,18,3,6,6,1
1790,1,15,3,3,4,0
1280,2,15,5,0,2,1
1559,1,3,5,1,3,0
420,1,6,3,6,6,1
1745,1,12,6,1,6,0
572,2,5,2,1,4,0
382,1,13,2,6,2,1
1518,2,17,4,1,1,0
871,1,1,1,6,6,1
392,1,10,5,6,4,0
224,1,14,3,1,1,0
364,1,17,6,0,2,0
965,2,6,2,1,0,0
1606,1,15,2,0,4,1
499,2,9,6,0,0,0
1719,1,13,6,6,4,1
557,2,3,5,2,4,0
324,1,18,1,6,2,0
479,2,4,2,0,1,0
304,1,15,4,0,4,0
1671,2,9,1,1,0,0
125,2,7,1,0,2,0
1301,2,11,6,0,4,0
1625,1,13,4,0,6,1
1092,2,7,3,0,4,0
164,1,9,1,0,4,0
1219,1,12,5,2,3,0
241,1,14,2,0,0,1
1306,2,12,6,0,0,0
1095,2,12,4,3,6,1
528,1,19,3,2,0,0
1812,1,8,4,1,2,1
333,1,6,5,4,4,0
994,2,1,6,0,0,0
1524,1,16,1,2,0,0
934,1,13,1,4,4,1
354,2,15,3,1,0,1
259,2,15,5,6,3,0
394,2,12,1,6,6,1
1707,2,19,6,1,3,0
214,1,11,6,1,0,1
785,2,18,4,0,0,1
149,2,2,5,2,2,0
801,2,14,5,6,0,0
830,2,9,1,4,6,1
516,1,19,2,0,0,0
1204,2,5,5,0,0,0
1689,2,16,4,0,0,0
1477,1,20,5,3,4,1
1210,2,18,2,4,0,0
1135,2,11,2,0,3,0
1860,1,1,6,2,0,0
1649,2,10,1,3,0,0
530,1,6,4,0,6,0
1676,1,18,2,0,0,0
1569,1,9,6,6,1,1
1161,1,16,1,0,4,0
1192,2,6,3,0,3,0
1514,2,15,2,2,2,1
943,1,10,6,6,4,1
1452,2,6,6,0,3,0
151,2,14,4,0,3,0
767,2,1,3,6,0,1
1519,2,5,6,2,0,0
739,2,8,6,0,4,0
1936,1,1,2,2,4,1
1859,2,4,3,0,0,0
1791,2,9,3,6,2,0
1627,1,12,6,4,4,0
1489,2,8,2,1,0,0
923,2,10,1,4,2,1
155,1,3,1,1,2,1
330,1,1,2,0,0,1
907,2,6,3,6,0,0
1921,2,15,6,6,2,0
55,1,4,6,0,1,1
112,2,6,3,0,1,1
461,1,20,4,1,2,1
816,2,17,1,2,6,0
333,1,9,1,2,3,0
1976,2,14,4,6,6,1
1004,2,20,5,0,0,1
1398,1,3,2,3,1,0
1184,2,10,1,1,6,0
774,1,15,2,0,0,0
554,1,4,4,3,0,0
812,1,15,5,1,0,0
1778,1,17,5,3,4,1
1402,2,12,2,6,0,1
1843,2,6,4,3,2,0
1449,2,18,1,1,0,0
569,2,2,2,0,0,1
831,2,19,3,0,4,0
479,1,20,4,6,0,0
1288,1,13,5,4,0,0
1873,1,19,3,6,6,1
369,1,8,2,3,0,0
574,1,9,6,0,0,0
1263,1,12,3,0,6,1
1241,1,4,5,1,2,0
745,2,8,3,4,1,1
995,1,4,5,3,1,0
399,1,6,4,0,3,0
1739,2,16,4,4,0,1
632,2,10,6,4,6,1
724,2,3,1,4,0,0
1046,2,2,2,6,0,0
1505,1,15,1,1,0,0
733,1,4,5,0,0,0
901,2,6,2,4,0,1
1465,2,14,2,3,2,0
471,1,14,5,6,0,0
1512,1,3,3,4,1,0
332,2,19,1,3,6,0
658,2,9,6,0,4,1
1113,1,4,1,4,1,0
1034,1,12,3,1,2,1
761,1,13,1,1,2,0
1881,1,2,3,1,1,1
947,2,19,2,4,1,1
1631,1,7,4,4,0,0
498,2,9,5,6,1,0
428,1,5,2,1,2,0
1722,2,4,2,1,2,0
739,1,16,4,4,2,1
877,1,6,5,3,3,0
1078,1,19,5,4,6,0
732,2,4,4,6,2,1
1025,1,16,4,0,3,1
1983,1,17,3,0,0,1
1798,1,12,1,2,0,0
449,2,7,3,1,6,0
1481,1,4,4,4,0,1
1848,1,1,3,6,1,0
1712,2,20,6,1,0,1
1223,1,10,3,3,2,0
1590,2,17,1,0,4,0
715,2,14,2,1,4,0
955,1,11,6,6,0,0
1339,1,9,3,6,0,0
963,2,12,6,1,2,0
1840,2,18,3,6,0,0
277,1,19,2,0,1,0
176,2,18,3,0,6,0
1878,1,11,3,4,3,0
815,1,14,4,3,4,0
34,2,16,2,1,2,1
1118,2,19,1,0,0,1
1471,1,9,4,0,2,0
1326,2,4,2,1,1,1
1288,1,10,1,1,0,0
1366,1,18,2,4,0,1
1166,2,4,6,0,4,0
597,1,20,3,1,0,0
569,2,4,3,0,2,0
1518,1,3,4,0,3,0
1587,2,16,6,0,6,1
1304,1,16,4,6,6,0
1934,1,12,6,4,4,1
823,2,15,2,0,0,0
1566,2,9,3,1,3,0
150,2,16,5,1,1,1
455,1,15,4,0,0,0
1016,2,3,1,0,1,0
185,2,3,3,1,0,1
1395,1,5,4,4,0,1
1897,2,6,6,2,1,0
702,1,12,4,0,0,1
91,2,12,5,1,4,0
80,2,12,1,0,6,0
18,2,16,1,2,1,0
240,2,2,6,3,6,0
1797,2,4,6,3,4,0
966,1,4,5,3,1,0
1493,2,7,5,2,0,0
219,1,13,3,2,3,1
1013,1,12,5,0,0,0
1923,2,11,2,0,0,1
1229,2,1,2,1,0,0
1400,1,4,2,2,1,0
1225,2,13,4,6,2,0
458,1,10,4,6,0,1
108,2,18,5,1,6,0
526,2,14,4,6,2,1
346,2,8,2,3,1,0
813,1,20,1,2,0,0
892,1,20,5,6,0,0
861,2,14,1,4,4,0
1747,2,14,5,4,4,0
1624,2,18,6,3,0,0
924,2,18,4,1,3,1
1277,2,17,2,0,0,0
1074,2,20,5,3,3,0
1247,2,3,6,4,0,0
1400,1,4,1,6,4,0
691,2,6,5,0,4,0
365,2,10,3,0,0,0
173,2,12,4,1,1,0
657,1,1,2,0,4,0
617,2,19,4,2,4,0
483,2,18,6,6,1,1
166,2,13,6,4,0,0
943,2,1,4,0,2,1
410,2,8,2,3,1,0
730,1,15,2,1,1,1
1277,1,12,5,3,0,0
1404,2,16,3,6,1,1
1552,2,13,4,0,1,0
328,2,5,4,6,6,1
1056,1,6,1,4,0,0
957,1,13,6,0,0,1
85,2,14,3,0,0,0
1522,2,10,2,0,2,0
1859,1,5,3,3,0,0
823,2,2,6,4,0,0
191,2,15,3,6,1,1
1761,1,14,1,1,0,0
1270,2,1,1,4,0,0
1550,1,13,6,0,1,1
1128,2,6,1,2,1,1
1398,1,6,3,2,4,1
802,1,16,4,3,0,1
208,2,7,2,6,1,0
802,1,9,5,0,3,1
1093,1,7,3,2,2,0
660,1,4,2,6,1,1
1881,2,18,1,0,0,0
981,1,10,2,3,3,0
32,1,8,2,1,1,1
1085,1,2,3,1,6,0
1687,2,19,4,0,2,1
48,2,11,4,4,2,0
376,2,11,5,1,3,0
1420,2,14,5,0,4,0
101,1,18,5,6,4,1
160,2,10,6,6,2,1
732,1,19,1,4,2,0
1598,2,3,4,4,0,1
1448,1,17,1,4,4,0
1054,2,14,2,2,2,0
804,2,3,4,3,0,0
318,2,13,5,0,0,0
1264,2,17,6,2,3,0
1988,2,20,1,6,0,0
90,2,10,3,0,4,0
1978,2,11,2,0,0,1
984,1,14,3,4,1,0
1429,2,3,2,0,6,1
576,2,9,1,2,6,1
1641,2,19,6,1,4,1
524,2,15,3,2,2,0
1158,1,10,1,6,3,0
864,2,15,2,1,2,0
779,2,13,3,6,1,1
1992,2,8,1,6,1,0
1865,2,6,4,3,1,0
1609,2,19,4,1,3,1
70,2,9,4,4,4,0
1506,2,10,1,1,2,0
1929,2,5,3,0,3,1
115,1,1,4,2,0,1
955,1,7,2,0,6,0
1839,2,8,5,1,2,0
1012,2,9,1,4,3,0
806,2,11,4,1,0,0
1668,2,20,6,6,0,0
5,1,6,1,0,0,1
1741,1,14,2,1,2,1
1276,1,2,4,1,6,0
4,1,6,4,6,0,0
922,2,5,3,1,1,0
1721,1,1,5,4,6,1
1430,2,15,1,2,4,0
703,2,10,1,4,1,0
1732,2,7,1,4,2,0
1747,1,9,4,0,0,0
826,2,3,6,4,2,0
1498,2,6,2,0,2,0
1343,2,6,2,1,4,0
1291,2,14,5,6,0,0
469,1,5,6,1,4,1
561,2,2,3,3,2,0
454,2,2,2,0,4,0
1568,1,4,2,0,2,0
1289,2,7,3,6,1,0
788,1,9,4,4,2,0
1526,2,16,2,4,0,0
1959,2,19,1,6,6,0
984,1,19,1,1,0,0
764,2,1,3,3,3,0
1672,2,6,3,3,6,1
149,2,9,2,2,0,1
1153,2,12,5,0,0,1
1092,2,2,5,6,2,0
719,2,4,6,1,0,0
370,1,20,4,4,1,0
577,2,17,6,4,2,0
1356,2,12,6,3,1,0
1130,2,6,4,0,6,0
991,2,14,3,1,4,0
1227,2,16,6,2,3,0
1620,2,19,2,0,6,0
1690,1,1,3,4,0,0
66,1,18,2,0,3,1
837,1,10,4,1,3,0
1092,1,9,2,2,6,0
1066,1,6,1,4,4,1
1720,2,4,2,6,6,1
1533,2,8,3,0,0,0
1768,1,18,6,0,6,0
1312,1,13,2,1,1,0
781,1,18,5,6,0,0
1051,2,9,6,0,0,1
150,1,4,1,6,2,0
1755,1,11,1,3,0,0
1029,1,18,1,4,3,0
24,1,10,2,6,0,1
767,1,5,4,0,3,1
202,2,13,4,3,6,0
1504,1,6,1,1,0,0
1984,2,5,3,1,0,1
1652,2,10,4,6,2,0
1596,1,3,5,3,6,1
1255,1,8,5,3,0,0
1328,1,14,4,0,0,1
1106,2,6,2,2,3,0
451,1,19,3,0,1,1
218,2,19,6,2,3,0
788,2,16,3,1,6,0
1548,2,8,2,0,0,0
529,2,3,5,0,6,1
295,2,18,3,6,3,0
1710,1,13,4,3,0,0
1650,1,12,2,0,3,0
118,2,4,2,0,0,0
1959,2,15,6,6,0,1
1037,1,13,3,3,0,0
973,2,12,6,6,2,0
314,1,4,5,0,2,1
266,1,19,2,6,3,0
1351,2,19,4,6,4,0
1578,1,20,6,4,1,0
599,1,18,1,6,0,0
731,1,10,5,0,4,0
51,2,8,1,2,6,1
354,1,13,3,3,1,0
1679,2,1,6,1,2,1
515,2,2,5,6,0,1
1194,2,9,1,1,2,1
997,1,7,1,6,2,1
1200,1,7,2,4,6,0
1473,2,14,4,2,0,0
710,1,17,5,2,3,0
36,1,9,4,2,3,0
1261,1,1,6,6,2,0
1616,2,17,5,3,2,1
1447,2,6,1,0,0,0
1606,2,16,5,3,0,1
907,2,13,3,2,3,0
1576,2,9,1,0,6,0
1452,1,2,1,6,0,1
1251,1,20,4,6,0,0
978,2,15,3,0,0,0
1686,2,17,3,0,6,0
893,2,17,5,0,0,0
296,1,2,2,0,1,0
900,1,9,4,2,0,0
963,2,18,2,2,6,0
1944,2,2,3,1,1,1
1175,1,12,3,0,1,1
81,1,12,3,0,6,1
1634,2,2,6,0,0,0
576,2,7,2,3,0,0
1407,1,11,3,3,2,0
430,2,17,2,1,3,1
796,2,3,3,6,6,0
1176,2,1,5,6,0,0
1155,1,1,6,2,0,1
1590,2,12,2,1,6,0
15,2,11,4,1,3,1
1379,1,18,3,0,3,1
115,1,16,3,6,3,1
1687,1,5,6,6,6,0
508,2,12,6,0,3,0
684,1,13,3,6,0,0
1157,2,13,5,4,1,0
1615,2,18,2,0,2,0
1988,1,11,2,1,3,0
649,1,13,6,6,2,0
507,1,10,5,0,4,1
656,1,13,3,0,0,1
1256,2,14,5,0,6,0
41,2,18,4,4,1,1
1793,1,18,3,1,2,0
1475,1,10,4,1,0,0
1275,2,19,2,3,6,0
619,1,17,2,2,1,1
302,2,9,6,2,0,0
612,2,16,5,1,1,1
157,1,10,4,1,0,1
370,1,11,1,0,3,1
316,1,13,4,3,0,0
1971,2,18,6,2,3,0
570,2,5,4,0,0,0
339,1,16,4,2,6,0
1462,2,12,4,6,1,0
304,2,16,2,3,0,1
511,1,4,6,2,0,1
1668,1,9,3,0,3,0
1071,2,9,2,2,1,0
1388,2,5,2,3,0,1
558,1,13,6,6,0,1
1361,1,1,1,1,0,0
1666,1,14,1,2,0,0
891,1,10,6,0,0,1
1957,2,2,2,0,0,0
1082,1,7,5,2,0,0
1383,2,12,3,1,2,0
1876,2,15,1,0,0,0
1255,1,20,5,2,0,0
624,1,2,6,1,1,0
764,2,5,4,1,0,1
17,2,20,3,0,1,0
1623,2,13,5,4,2,0
685,2,18,1,0,6,0
445,1,7,5,3,3,0
1504,1,11,6,1,0,0
400,1,3,3,1,0,0
1634,2,17,2,1,3,0
794,1,20,3,6,1,0
1425,1,4,6,0,0,1
1240,2,9,6,1,2,1
1493,2,5,6,3,6,1
279,2,10,1,0,2,0
624,1,14,1,4,4,0
1263,2,7,4,4,1,0
1807,1,2,4,2,0,1
718,1,5,6,3,0,0
615,1,13,2,0,1,1
428,2,19,3,4,2,1
672,2,13,3,3,2,0
589,1,14,3,2,6,1
1492,2,2,1,6,4,1
410,2,7,5,1,0,0
557,1,1,3,3,1,0
1813,1,12,2,0,3,1
143,2,11,2,6,0,1
1591,1,12,4,3,0,1
949,2,9,2,3,2,0
334,1,1,4,0,6,1
1359,2,6,4,3,0,0
470,2,17,5,1,3,1
694,1,8,2,4,4,0
1221,1,10,2,0,3,1
1689,2,11,5,0,0,1
310,2,8,6,2,4,1
361,2,5,6,2,0,0
758,2,19,5,0,0,1
686,1,12,2,0,6,1
1500,1,20,1,1,4,0
1421,1,10,6,4,3,0
1214,1,12,2,2,0,0
1516,1,14,6,3,4,1
1019,2,7,1,6,0,0
1117,2,12,5,3,4,0
1492,1,1,6,0,1,0
458,1,16,6,3,4,0
1860,2,17,4,4,4,0
515,1,16,3,3,2,0
466,2,8,2,0,4,0
554,1,2,4,0,0,0
1439,2,11,4,0,3,1
1763,2,19,4,1,6,1
468,2,19,3,1,2,0
147,2,10,6,0,1,0
1375,1,3,5,4,6,0
436,2,6,2,2,3,0
1867,1,4,4,0,0,0
1368,2,7,1,0,4,0
596,2,9,2,4,4,0
246,1,6,3,6,3,1
1824,2,16,3,4,2,0
1749,2,6,6,6,2,0
276,1,19,2,0,2,0
1974,1,15,4,0,6,0
17,2,5,4,1,2,1
670,2,10,2,6,2,0
101,1,7,3,1,0,0
183,1,6,6,4,4,1
211,1,19,2,0,6,1
1075,2,6,4,0,6,0
134,2,3,3,0,6,1
689,1,19,5,0,2,0
1093,2,16,6,6,1,1
217,1,18,2,4,3,1
977,1,12,3,6,0,0
510,1,1,4,1,0,0
686,1,17,4,0,0,0
1075,1,3,2,1,0,1
1690,1,12,4,3,0,1
542,2,8,6,4,2,1
359,2,11,2,4,2,0
107,1,15,1,2,2,0
1783,2,4,3,1,1,1
1617,2,13,6,0,6,1
1479,2,3,2,6,2,0
1573,2,3,1,1,0,0
214,2,14,6,1,2,0
387,1,8,2,2,1,0
1857,1,4,4,3,1,0
178,1,15,3,0,0,0
1558,2,16,3,3,0,0
810,2,7,6,2,3,0
775,1,10,1,0,6,0
588,2,20,6,3,6,1
1819,2,7,6,1,6,1
306,2,18,4,4,3,0
1364,1,10,1,6,4,0
1714,1,17,4,0,1,1
557,2,11,3,6,1,0
38,1,6,5,0,6,0
194,2,1,6,0,0,1
620,1,19,6,2,4,1
1725,1,11,5,0,1,1
1000,1,6,1,0,2,1
1112,2,12,4,0,4,0
1030,2,5,1,2,1,0
639,2,3,6,4,0,0
1586,2,5,6,0,3,0
1251,1,15,2,6,0,1
805,2,16,3,0,4,1
1978,1,16,3,0,4,1
1482,1,1,6,4,1,0
1947,1,2,5,0,3,1
293,2,1,4,1,0,0
1530,2,7,6,6,1,1
1793,1,16,5,6,1,0
1622,2,6,1,1,1,0
1397,1,3,4,3,1,0
480,1,19,4,0,2,1
1410,1,4,4,2,4,1
1201,2,17,3,3,6,0
1662,1,18,3,1,2,1
1087,1,3,1,3,3,1
1200,2,8,5,2,1,0
1143,1,12,6,2,4,0
888,1,14,4,3,1,1
864,2,12,3,0,6,0
1574,2,2,1,4,3,0
1122,1,7,2,0,0,1
1454,1,11,4,3,6,0
544,2,19,1,1,3,0
855,2,16,2,3,0,1
1447,1,20,1,0,1,0
72,2,1,5,0,4,0
1710,2,10,4,2,0,0
1097,2,16,4,2,0,0
1766,1,19,6,0,6,0
824,2,14,5,2,0,0
1352,2,3,2,4,6,0
1717,2,15,3,0,0,1
1570,2,1,1,2,1,1
1569,1,8,6,3,1,0
1084,2,4,3,0,6,0
255,1,18,3,2,6,0
1024,1,18,2,1,6,0
1415,1,14,2,0,3,0
1698,2,16,5,4,3,1
629,2,18,5,2,4,0
1329,1,18,6,3,6,1
1106,2,20,2,0,0,1
1487,1,11,2,2,4,0
1458,1,4,1,2,3,0
849,1,16,4,0,0,0
801,1,15,1,4,3,0
1264,2,11,5,6,1,0
1157,1,17,1,2,4,0
583,2,18,6,1,0,0
1322,1,20,3,1,4,1
1704,2,19,4,0,0,1
1029,2,19,4,3,0,0
1539,1,9,2,3,2,0
481,1,20,3,2,1,1
462,2,10,2,0,6,0
1224,2,3,2,0,4,0
702,1,13,6,3,0,0
411,1,16,5,0,0,0
1609,1,7,1,3,3,1
1604,2,5,6,3,6,1
951,1,8,1,4,1,1
570,1,12,1,0,0,0
831,2,11,5,2,2,0
872,1,17,1,4,1,0
255,1,13,6,6,6,0
1066,2,16,2,4,1,1
1738,1,6,3,0,3,1
1847,2,5,5,6,4,0
165,1,16,2,2,3,1
1978,2,12,6,1,2,1
293,1,16,6,4,4,1
642,2,1,3,3,3,0
1840,2,7,3,4,0,0
1664,2,18,1,0,1,0
1934,2,6,4,3,6,1
266,1,3,6,0,0,0
850,1,20,1,0,2,0
985,2,10,5,0,0,0
1345,2,16,4,4,6,0
1923,2,6,3,4,2,1
1953,1,13,5,1,0,1
1775,2,20,4,0,0,0
936,2,13,2,0,1,0
494,1,6,4,6,1,0
102,1,17,5,0,3,1
761,2,10,6,0,4,0
1883,2,3,6,4,0,0
1974,2,15,1,2,6,1
462,2,4,4,2,4,0
1503,1,8,2,1,3,0
1084,2,18,5,0,4,0
92,2,1,5,2,4,0
1077,1,1,3,1,0,0
270,1,8,6,3,3,1
865,2,18,6,6,6,0
1873,1,7,6,3,0,0
1989,2,6,5,0,2,0
735,2,13,1,2,3,1
1261,1,19,4,3,1,0
872,2,4,6,0,0,1
795,1,5,1,4,2,1
303,2,17,6,0,2,1
165,1,1,1,1,2,1
595,1,20,6,3,0,0
404,1,16,6,6,0,1
661,2,8,6,2,0,0
1133,1,2,3,1,0,0
1194,2,6,6,1,1,0
1320,2,16,6,1,4,0
1086,2,12,6,0,6,0
179,1,15,5,0,0,1
964,1,9,1,2,4,1
215,1,17,1,2,6,0
359,2,12,5,0,2,0
538,2,11,6,0,0,1
1017,1,16,5,3,1,0
722,2,2,6,1,2,0
1720,2,11,4,3,0,0
1208,2,17,4,1,6,0
1034,1,4,6,6,6,0
1262,2,20,2,0,0,1
1523,1,13,4,2,2,1
1821,1,3,2,4,3,0
7,1,2,1,1,6,1
603,1,10,5,0,3,0
1699,1,8,6,6,0,0
1905,2,11,2,3,6,0
938,1,9,4,2,3,0
1383,2,1,2,0,6,0
162,2,20,2,2,6,0
1374,2,11,6,1,4,0
653,2,1,2,4,4,1
1607,1,13,4,0,4,1
1172,2,8,1,1,3,0
1652,2,11,1,2,0,0
1905,1,19,1,0,0,0
1074,1,15,1,4,1,1
648,2,2,3,6,2,0
1200,1,15,4,6,4,0
1440,1,10,5,2,6,0
1683,1,14,1,0,0,0
1755,1,2,2,3,4,0
996,2,4,4,0,0,0
213,1,20,4,4,1,0
599,2,15,4,3,0,0
1984,2,4,6,0,0,0
602,2,10,3,2,2,0
1014,1,7,3,4,0,0
1264,1,1,3,0,1,1
152,1,7,5,0,3,0
1019,2,11,5,3,0,0
1387,1,16,3,2,2,1
98,2,5,1,4,4,0
1376,2,12,5,0,4,0
1657,2,1,2,4,4,1
297,2,14,6,2,6,1
579,1,16,4,6,0,0
250,1,17,4,6,2,0
1979,2,2,3,2,1,0
1675,1,19,4,0,4,1
454,1,14,4,3,3,0
898,1,11,4,3,6,1
103,2,14,2,0,1,1
1100,1,5,6,1,2,1
1476,1,20,4,3,6,0
1469,1,10,6,0,0,0
1446,1,8,5,0,1,0
1355,2,17,2,2,1,1
908,1,16,6,4,0,0
1508,1,1,5,6,0,0
270,1,19,2,3,0,0
1701,2,13,1,0,1,0
1916,1,9,6,3,3,0
1347,2,3,1,3,2,0
1941,2,5,5,3,4,0
713,2,1,5,4,4,0
179,1,8,3,1,0,0
1645,2,18,4,4,1,0
1299,1,17,5,2,0,1
723,2,16,6,1,1,0
262,1,6,3,6,0,0
350,2,9,4,1,0,1
23,2,4,1,0,1,0
404,1,18,2,0,0,0
495,2,1,5,0,0,1
384,2,8,6,6,2,1
1198,2,6,4,4,4,0
1225,1,9,4,1,6,0
1694,2,13,5,0,6,1
1439,1,17,1,0,2,1
1037,2,6,6,4,4,0
1198,1,5,6,1,3,0
679,2,13,4,4,3,0
136,2,8,1,0,0,1
248,2,6,2,3,0,0
1198,1,6,1,1,3,1
219,2,15,1,0,0,0
464,1,1,5,2,3,0
933,1,1,1,0,2,1
1053,1,13,3,3,6,0
314,2,4,3,1,6,0
107,1,9,3,4,0,0
588,1,20,1,4,3,0
1791,2,4,2,1,6,0
1907,1,6,6,0,3,0
870,1,17,3,3,0,0
1557,2,13,2,4,0,0
1655,2,5,5,6,3,1
668,1,1,4,2,4,0
396,1,2,4,2,4,0
31,1,13,6,1,0,1
1159,2,19,4,2,2,1
59,1,4,1,2,2,1
791,1,18,6,4,1,0
1259,1,7,5,0,0,0
221,1,6,5,2,3,1
1903,2,8,2,4,0,0
1606,1,3,3,2,2,0
547,1,11,6,1,0,1
1226,2,1,6,4,6,0
1090,2,1,3,3,4,0
1999,1,11,4,6,0,0
1749,1,8,5,6,1,0
1521,2,7,3,2,0,1
1686,2,19,3,6,1,0
1375,1,2,2,1,1,0
214,2,2,2,0,2,0
1330,2,12,1,3,6,0
1868,1,6,3,4,6,0
1453,1,17,3,0,6,1
1700,2,12,3,0,6,0
539,1,11,2,2,1,1
1949,1,16,1,2,0,0
1464,1,14,5,0,2,1
1379,1,8,2,2,4,0
1709,2,6,3,6,3,0
525,1,13,6,0,4,0
1789,2,5,4,0,0,0
1856,1,13,5,6,2,0
1247,2,14,1,0,0,1
938,1,20,4,0,2,0
1004,2,15,2,0,0,0
997,1,12,4,0,6,1
1219,2,4,5,2,4,0
1083,2,18,1,4,4,1
1491,2,1,4,3,1,1
750,2,6,4,2,0,0
44,1,19,4,2,4,0
148,1,16,4,1,3,0
828,1,4,4,0,0,0
1310,1,12,6,6,0,0
186,2,13,4,0,0,0
1309,1,20,4,0,0,0
1778,2,2,3,0,3,0
1717,2,15,1,4,0,1
315,2,8,1,6,1,0
884,1,15,3,0,4,0
1493,2,13,2,6,6,0
759,2,8,6,4,3,0
535,2,19,5,2,1,1
1722,2,20,4,3,3,0
1480,1,16,3,4,1,0
4,1,2,1,0,1,0
1677,2,9,4,1,0,0
505,2,11,3,6,3,0
1380,1,7,3,4,2,1
789,2,3,6,1,4,1
37,1,13,6,3,4,0
288,2,13,4,0,6,1
1994,1,5,2,6,3,1
1820,2,16,3,4,3,0
615,2,9,1,0,0,1
1582,1,13,4,4,4,0
815,2,18,3,3,3,0
726,1,8,4,4,0,1
1249,1,15,6,3,2,0
1305,2,11,3,0,4,1
801,2,3,6,0,0,1
1494,1,15,3,4,3,0
1462,2,19,3,6,1,0
222,1,2,4,0,1,0
1205,1,6,6,6,4,0
1946,1,3,1,1,2,1
1838,2,3,1,0,2,1
98,1,11,4,4,2,0
52,1,20,1,2,0,0
900,2,13,2,0,2,0
600,1,14,4,6,4,0
214,2,9,3,0,4,0
269,1,18,5,2,1,0
823,2,4,6,2,1,0
1420,2,11,5,3,2,0
1168,1,7,3,0,3,0
1725,2,18,3,3,4,0
469,2,2,6,6,3,0
1263,2,5,1,0,0,0
751,1,12,3,2,2,1
383,1,5,2,4,6,0
1653,2,4,3,0,1,1
1920,2,15,4,4,6,0
455,1,12,3,0,0,0
998,2,15,2,0,2,0
806,1,14,2,2,4,1
1731,2,14,6,1,1,0
1070,2,11,2,1,3,1
573,2,3,2,0,0,0
1631,2,13,5,2,4,0
783,1,19,4,3,4,0
975,1,16,3,6,1,1
1561,1,1,1,1,0,1
1443,2,19,6,4,0,1
1312,2,11,6,0,2,1
499,1,7,6,2,0,0
685,1,1,6,2,2,0
1839,2,3,3,4,3,0
487,1,19,3,3,0,0
1046,2,7,1,0,4,0
1152,1,2,1,0,1,1
798,2,1,2,2,0,0
1735,2,9,6,2,0,0
314,2,5,1,2,3,0
1143,1,14,2,4,0,0
959,2,8,5,6,2,0
1154,1,6,5,0,2,0
937,2,7,6,3,2,1
52,1,4,4,6,2,1
2000,2,5,1,1,1,0
404,1,20,4,4,0,0
319,1,5,2,6,2,0
298,2,12,1,1,2,1
1716,2,15,1,6,3,1
1711,1,19,1,6,4,0
737,2,3,1,6,4,0
1881,2,17,1,2,0,0
1078,2,16,5,3,2,1
1021,1,8,5,0,3,0
1778,1,19,1,0,2,0
1243,2,14,3,0,3,0
1890,2,4,2,3,2,0
404,1,10,4,1,0,1
1426,1,2,4,1,2,1
715,2,15,6,0,1,0
395,2,3,5,1,1,0
965,1,4,6,2,6,0
612,1,9,2,3,0,0
1472,2,19,4,6,0,0
1934,1,9,2,0,0,1
145,1,4,4,4,6,0
733,1,12,6,0,0,0
1966,2,7,2,0,2,1
1069,1,13,3,0,0,1
1085,1,13,4,4,4,0
8,2,11,1,1,0,0
928,1,5,3,2,3,1
455,2,13,4,4,3,1
608,2,9,2,0,3,0
1553,2,19,6,0,1,0
481,2,19,4,4,0,0
1571,2,16,2,1,6,1
171,2,7,6,4,1,0
1002,2,14,2,4,6,1
1529,2,10,2,0,6,0
234,1,17,1,6,3,0
540,2,3,4,0,6,0
1454,2,19,5,1,0,0
573,1,3,1,0,0,0
42,2,13,2,6,6,0
790,1,14,6,4,2,1
1715,1,13,6,2,2,0
858,2,9,6,6,0,0
1799,1,10,1,0,1,0
1091,1,5,5,3,1,0
1265,1,15,6,6,1,0
244,1,2,3,6,6,0
1508,2,17,4,6,3,0
1577,2,7,4,2,6,1
1623,2,10,6,0,4,0
447,2,2,4,0,0,0
984,2,18,2,0,4,0
1112,1,8,5,6,6,0
1487,1,13,6,2,3,0
1516,2,1,3,0,3,0
343,1,3,1,0,6,0
884,2,6,2,3,3,0
1932,2,2,3,4,3,0
941,1,15,2,0,4,0
800,1,17,2,0,0,0
738,2,5,6,4,0,0
1716,2,11,6,0,1,1
931,1,17,3,2,1,0
637,1,7,3,4,3,0
1994,2,14,5,1,6,1
27,2,11,2,2,4,0
1742,2,10,4,2,4,0
1987,1,4,6,1,0,0
80,1,4,6,0,4,0
1972,2,5,2,4,3,0
893,2,10,5,4,2,0
1748,2,12,5,0,6,0
1813,2,5,6,6,0,0
575,1,18,6,1,4,0
1063,1,17,3,1,0,0
1436,2,15,5,6,3,1
1003,1,2,4,6,3,0
743,1,16,2,0,0,0
1872,1,10,2,3,0,0
1804,1,14,3,2,1,1
1650,2,5,4,4,6,1
1198,2,1,5,2,2,0
498,1,10,5,4,3,0
303,2,16,4,3,1,1
780,2,20,3,6,3,1
1570,1,14,6,3,0,0
1319,1,11,3,2,0,1
373,2,10,5,6,6,0
1152,2,14,2,4,0,1
1330,1,5,1,0,3,1
1863,1,14,2,2,2,0
1778,1,20,3,0,2,0
1253,2,13,6,1,0,0
161,1,14,4,1,0,0
1140,2,15,5,2,3,0
437,2,16,6,1,0,0
497,1,11,2,3,0,0
1551,1,11,5,1,0,0
726,1,17,1,6,2,0
904,1,4,4,2,0,0
466,1,14,4,1,0,1
1671,2,16,5,2,3,0
1888,2,8,3,2,1,0
1366,2,2,4,4,6,0
1762,1,15,5,6,0,0
773,1,19,6,1,0,0
895,2,5,2,0,2,0
205,2,2,4,2,0,0
373,2,15,6,0,3,1
155,1,12,3,0,3,0
723,2,6,5,0,6,1
27,1,5,1,6,0,1
1229,1,10,5,1,6,0
1772,2,5,2,2,0,1
204,1,16,2,0,1,1
1316,2,7,4,3,4,1
80,1,12,3,0,6,1
1115,1,9,6,1,3,0
588,1,13,1,0,6,0
1852,2,6,2,0,0,0
525,1,1,1,2,6,0
1396,1,15,4,0,3,0
1974,2,19,4,4,2,0
889,2,15,3,4,6,1
997,1,17,2,0,3,0
996,2,7,1,3,0,0
303,2,12,3,6,6,0
349,1,16,6,1,0,0
1051,1,13,1,2,2,1
1145,1,14,5,6,0,0
1442,1,7,1,6,3,0
1799,2,18,5,2,0,1
424,1,14,5,0,2,0
347,2,5,2,6,3,1
171,2,6,2,6,3,0
903,1,2,1,4,1,0
1439,1,13,5,0,0,0
1704,2,20,6,6,0,0
1383,2,5,1,1,0,0
1246,1,3,5,6,0,0
1621,1,2,4,2,1,1
1088,1,4,5,0,4,0
1377,2,15,6,0,3,0
798,1,2,5,0,1,1
120,2,1,1,3,4,1
293,1,3,4,2,3,0
256,1,11,4,1,1,0
1381,1,17,5,6,6,1
719,1,14,4,1,0,1
1449,2,18,1,2,3,0
1609,2,7,2,0,3,1
543,2,2,4,2,6,0
1853,2,13,5,3,0,0
803,2,17,3,2,1,1
726,2,14,3,6,4,0
957,2,2,2,2,6,0
9,2,17,4,3,1,0
1669,2,20,6,1,2,0
913,2,7,2,3,1,0
344,1,13,1,0,0,0
1311,1,10,1,0,0,0
389,2,16,4,0,6,1
168,2,14,4,0,0,0
1963,2,2,1,6,0,1
833,1,10,5,0,3,0
289,1,13,4,2,0,1
912,2,19,4,1,0,0
497,1,13,3,1,4,0
1061,1,1,2,0,2,0
617,1,5,1,1,0,0
1376,2,11,1,2,4,1
1460,2,20,3,1,4,0
109,2,8,3,0,1,0
1722,2,1,4,4,1,0
1754,1,14,2,4,6,0
1927,2,11,3,1,3,0
1574,2,1,2,6,4,0
775,2,9,2,6,0,0
1844,2,2,1,6,3,0
1627,1,4,5,1,2,0
1238,1,20,3,3,0,0
1268,2,12,5,4,0,0
561,1,12,4,6,1,0
63,2,16,3,6,2,0
1854,1,19,5,2,1,1
1923,1,11,2,4,1,0
1143,2,18,4,0,1,0
1674,1,7,5,3,4,1
1293,2,3,6,6,2,0
1764,1,2,1,1,0,1
624,1,16,1,2,1,0
1412,2,10,6,4,4,1
957,2,1,2,3,6,1
795,2,10,2,0,3,1
344,2,19,6,6,0,0
1102,1,16,4,6,0,0
78,1,12,2,2,6,0
1400,1,9,5,0,0,1
1701,2,7,3,2,0,0
1964,1,8,5,0,0,0
139,1,4,4,0,2,0
1208,1,2,6,0,6,0
1797,2,12,5,1,3,0
660,2,1,6,6,2,0
351,2,15,3,4,3,1
528,1,7,6,0,0,0
1451,1,12,5,0,2,0
1759,2,2,1,2,1,1
525,2,5,2,0,0,0
1054,1,11,4,1,3,1
1969,1,14,3,1,0,0
364,2,3,3,1,4,0
894,1,5,4,6,0,1
264,1,12,6,6,6,1
1570,1,6,2,3,6,0
550,1,6,1,4,6,1
1398,2,16,4,0,6,0
1,1,16,1,6,1,1
507,1,8,3,3,4,0
1540,1,5,1,0,6,1
1967,1,12,3,4,0,0
1438,2,14,3,6,1,0
1884,2,5,4,1,0,1
112,1,20,6,4,6,0
1100,2,4,5,3,3,0
1316,1,7,2,4,1,1
1888,1,6,3,6,0,0
1620,2,9,3,6,3,0
107,1,17,1,0,6,0
1773,2,3,5,0,0,0
1077,1,17,5,4,0,0
1311,2,8,4,1,0,1
101,2,19,1,4,3,0
609,2,16,6,4,0,1
1809,2,20,4,6,2,1
1301,1,2,5,0,4,0
1739,2,18,6,0,1,0
66,1,7,2,0,6,0
1689,2,2,2,0,1,0
1611,1,10,3,0,0,1
15,2,14,3,0,6,1
81,2,20,3,0,0,0
186,2,6,2,2,0,0
1661,1,5,3,2,2,0
981,2,1,6,0,2,1
1833,1,4,2,3,0,1
799,1,5,4,0,4,0
1010,1,5,2,2,0,0
1599,2,18,6,6,4,1
1281,1,8,4,0,0,0
1788,2,20,6,2,1,0
606,2,4,5,0,6,0
1161,2,20,3,4,6,0
1032,1,7,3,2,0,0
632,1,3,3,1,4,0
485,2,4,5,2,1,0
238,2,19,5,6,4,1
250,1,7,3,2,6,0
169,1,5,2,0,3,1
362,2,11,2,3,0,1
333,1,19,2,1,0,0
1291,2,11,2,0,0,0
1689,2,6,3,0,0,1
420,1,6,2,4,2,0
1663,1,2,2,0,0,1
243,1,17,2,0,1,0
1234,1,3,5,0,6,0
420,2,5,6,0,3,0
295,2,8,5,6,4,0
412,1,1,3,2,1,0
905,2,10,2,0,4,0
1056,2,3,3,4,2,0
1587,2,17,5,1,3,0
896,1,2,4,3,3,0
601,2,11,2,2,4,0
1012,2,16,5,6,4,0
1541,1,17,3,1,2,1
518,1,12,6,1,0,1
814,2,10,2,2,3,1
883,1,12,3,3,0,0
1860,2,7,5,3,1,0
83,1,1,1,4,1,0
1755,1,17,4,0,4,0
1933,1,13,6,1,0,0
278,2,20,5,1,2,0
538,1,5,5,3,3,1
1651,2,18,3,0,0,0
1243,1,19,4,1,4,0
684,2,12,1,1,0,1
863,1,20,2,4,0,1
548,2,6,5,3,0,0
1940,1,19,3,0,0,0
1361,2,3,3,2,6,0
998,2,2,4,4,4,0
672,1,17,6,2,2,0
353,2,2,3,6,2,0
1597,2,9,3,0,6,1
705,1,18,6,0,1,0
1875,2,9,2,0,2,0
168,1,6,2,4,0,0
1299,1,2,4,6,2,1
150,2,20,1,4,6,1
854,2,1,2,0,6,0
873,1,11,4,0,4,0
1156,2,17,4,0,4,1
543,1,9,5,3,0,0
528,1,16,2,0,3,1
78,2,16,5,4,0,0
1291,2,11,2,6,6,0
824,1,3,4,1,0,1
328,2,13,3,0,6,1
353,1,7,6,0,0,1
526,1,16,5,0,1,0
1527,2,12,2,1,3,1
1934,1,3,2,0,2,0
1217,1,8,2,6,2,0
114,2,9,6,3,1,1
126,1,4,1,6,1,0
1307,1,5,3,6,6,1
116,1,20,3,0,2,1
340,1,15,2,3,6,0
143,2,5,5,0,2,0
311,2,19,1,1,4,1
1782,1,4,5,4,0,0
695,1,20,1,0,6,1
908,1,20,6,1,1,0
1999,2,1,3,1,4,0
272,2,3,5,2,6,0
189,2,11,4,2,6,0
1243,2,10,6,6,0,0
1453,1,13,1,4,3,0
1026,1,2,1,2,4,0
1674,1,15,5,0,0,1
970,2,11,3,1,6,0
904,1,16,2,6,3,0
135,2,13,2,1,2,0
1322,2,13,1,4,4,0
1479,1,15,6,4,0,0
1058,2,18,2,0,2,0
1486,1,19,3,6,3,0
711,2,3,1,0,0,0
1980,2,19,3,2,4,1
1127,1,7,2,3,0,0
1216,2,6,2,3,2,0
444,2,5,3,1,6,1
871,2,4,4,3,0,1
502,1,9,4,3,4,0
593,1,10,6,2,1,1
384,1,20,6,4,3,0
204,1,10,6,0,1,0
1469,1,8,5,2,0,1
917,2,20,4,0,3,0
37,1,6,3,3,4,0
1567,2,18,2,6,0,0
95,1,14,2,2,4,1
1913,1,10,5,6,0,0
896,2,13,2,6,1,0
1845,1,19,5,2,0,1
605,1,17,2,2,0,0
27,2,9,5,6,3,0
660,2,11,2,3,0,0
549,2,15,4,6,0,0
448,1,9,4,3,6,0
1557,1,8,2,3,0,0
1548,2,18,2,4,0,0
1628,2,3,3,0,6,1
881,1,1,3,6,0,0
1460,2,6,4,2,4,0
1403,2,4,1,6,6,0
677,1,19,2,4,2,1
1793,1,3,3,3,0,0
1161,2,18,2,3,6,0
503,1,8,2,0,0,0
110,2,19,3,6,1,0
262,1,14,5,6,1,0
1381,1,4,6,6,4,1
1832,1,5,2,0,2,0
743,2,14,2,6,6,1
1251,1,6,3,0,3,1
1653,2,18,5,0,3,1
465,2,6,2,3,3,0
356,2,20,2,0,0,1
1831,2,7,4,2,0,0
1027,2,19,6,3,6,1
476,2,15,4,3,2,0
908,1,5,2,1,0,0
840,2,8,6,1,3,0
1790,2,9,2,2,0,1
377,2,14,5,3,3,1
1560,1,11,6,6,6,0
999,1,18,4,6,0,1
189,2,10,4,2,6,0
33,1,16,2,3,0,0
741,1,13,2,6,2,0
448,2,20,2,3,3,0
1346,1,4,5,2,1,0
1554,2,1,1,6,6,0
146,2,17,2,3,2,0
898,2,19,1,1,4,0
179,2,5,6,1,6,0
578,2,20,3,4,0,1
702,1,17,4,0,6,1
1569,2,4,2,4,6,0
896,1,3,2,2,1,0
151,2,15,4,6,3,1
588,2,16,6,3,1,0
504,1,14,3,0,6,0
1757,2,17,1,6,3,1
841,2,1,2,2,0,1
1138,1,13,6,3,0,1
549,1,13,4,1,6,1
384,1,2,4,0,2,0
915,2,11,6,0,0,0
903,1,8,6,3,1,1
1821,1,18,4,6,3,1
21,2,11,1,0,3,1
1406,2,5,3,4,2,1
1,1,8,2,1,2,0
307,2,11,6,6,0,1
7,2,12,2,1,4,0
1031,2,12,4,0,6,1
233,1,15,2,0,3,1
1939,1,12,5,2,3,0
1277,1,20,4,0,0,0
323,2,9,4,1,6,1
553,1,20,5,6,4,0
1458,1,15,6,2,2,1
537,1,13,1,2,4,0
1927,1,2,3,3,1,1
345,1,16,5,0,2,0
1509,1,16,4,6,0,0
533,2,9,2,2,0,0
1240,2,19,6,6,6,0
1317,2,18,6,1,2,1
96,1,1,1,4,3,0
186,2,18,4,2,1,0
1148,2,13,5,0,3,0
931,1,12,1,0,4,0
1989,1,11,1,2,1,0
397,1,12,1,1,3,0
852,2,13,3,1,0,0
797,2,9,2,2,6,0
1277,1,15,6,2,6,1
624,2,20,2,0,2,1
37,2,15,2,0,0,0
1657,1,16,2,6,0,0
886,1,7,1,0,6,0
452,2,16,3,6,0,1
203,1,4,1,1,0,0
27,2,5,1,1,0,1
95,1,5,4,2,4,0
790,1,18,4,3,0,1
740,2,11,4,0,6,0
678,2,13,1,2,0,0
1857,1,2,5,6,6,1
1277,1,16,3,6,0,0
126,1,13,6,0,4,1
413,2,8,6,0,2,0
1383,1,4,2,6,4,1
1779,2,7,5,2,6,1
896,2,2,5,2,1,0
1613,1,10,4,3,2,1
724,2,20,6,0,3,0
543,1,18,6,6,6,0
758,1,8,3,0,6,0
665,1,14,5,0,1,0
1905,1,17,3,4,0,0
1985,1,8,2,3,0,1
575,1,15,4,3,0,0
1494,2,20,2,0,2,1
1590,1,1,3,3,1,0
1783,1,16,2,6,3,1
656,1,8,1,0,3,0
1295,1,9,4,1,0,0
574,2,14,5,0,4,0
121,1,11,4,2,1,0
1238,1,5,4,4,0,0
1883,2,4,6,1,2,0
1046,2,5,2,0,6,0
1167,2,6,5,4,0,0
82,2,1,6,2,6,0
580,2,14,4,6,1,0
900,2,20,4,4,2,1
1244,1,4,1,6,2,0
1807,2,20,6,1,4,0
1353,2,19,1,1,2,0
179,1,2,1,2,1,0
30,1,2,1,1,1,0
1877,1,20,6,1,6,0
1764,1,12,1,0,1,0
1412,1,20,1,3,0,0
1997,2,13,2,0,3,0
569,2,1,4,1,3,1
508,2,12,4,0,1,1
196,1,15,1,2,6,0
539,1,15,5,3,1,0
388,1,2,3,2,4,1
388,1,19,5,3,0,1
1078,1,1,4,0,1,0
1284,1,19,6,6,3,1
94,2,4,1,0,6,0
1836,2,6,2,2,4,0
528,2,7,5,0,0,0
361,2,14,1,6,6,0
908,1,14,3,2,4,0
1837,2,10,1,0,4,1
459,2,18,5,6,3,1
1132,1,4,3,3,1,0
1057,1,20,6,4,0,0
1998,2,3,2,0,6,1
1616,1,17,3,0,0,0
1472,1,15,5,6,2,1
1879,2,2,2,6,6,0
1710,1,11,1,1,0,1
801,1,18,4,1,0,0
1401,1,1,6,3,0,0
1108,2,15,1,6,6,1
302,2,7,6,3,0,0
457,1,4,5,1,6,1
796,2,8,3,4,1,1
1221,1,5,1,4,0,0
879,1,14,6,6,6,1
1570,1,17,2,6,1,0
1142,2,4,5,4,0,1
913,2,11,5,0,3,0
94,2,4,4,1,4,0
1515,2,19,5,4,0,0
1125,2,18,1,1,6,0
1596,2,3,1,4,6,0
765,2,16,6,0,4,0
1047,2,6,5,0,2,0
1488,1,15,5,1,3,0
647,1,4,1,0,3,1
1912,1,5,6,0,0,0
938,1,1,3,3,6,1
1784,1,7,1,6,6,0
105,1,6,2,4,3,0
390,2,13,1,1,4,0
1476,2,10,1,4,6,0
1553,2,11,1,4,4,1
1232,2,8,5,3,6,1
373,2,9,5,0,0,0
393,2,10,5,0,2,0
1913,2,11,3,4,0,0
396,2,15,5,4,4,1
1650,2,5,6,3,2,0
209,1,12,3,0,3,1
580,2,20,5,0,6,1
986,1,10,4,4,4,0
1308,2,9,2,2,4,0
622,1,20,2,4,0,0
1796,1,4,4,2,4,1
1728,1,15,6,0,0,0
1458,1,19,4,1,2,0
962,2,20,4,0,2,0
1343,2,3,1,2,2,1
932,1,15,3,1,3,0
1670,2,19,2,3,1,0
835,1,1,2,6,2,0
1417,2,12,3,2,0,0
1783,1,16,4,4,3,0
427,2,19,2,1,0,0
438,1,10,4,0,0,0
981,1,2,6,3,1,0
194,2,18,1,0,1,1
1989,2,12,5,6,3,1
52,2,8,5,3,6,0
692,1,19,2,0,2,0
1069,2,13,3,0,4,0
1483,2,3,6,0,0,0
1223,2,19,3,1,4,0
1665,2,2,5,4,2,0
1587,1,1,1,3,2,0
410,2,16,5,3,0,1
654,2,9,3,6,2,0
18,2,15,4,1,3,0
169,2,17,1,4,6,1
1893,1,16,3,0,0,0
428,2,2,2,1,4,0
2,2,4,2,4,6,0
1481,2,9,3,0,1,0
1995,2,18,1,3,1,1
932,2,11,5,0,0,1
1079,1,3,1,1,0,0
454,2,14,4,4,2,1
317,2,3,5,0,0,0
1036,1,11,3,4,3,1
1260,1,2,6,6,2,0
277,1,1,5,4,6,1
1754,1,11,3,4,1,0
752,2,5,6,4,2,0
1813,2,9,4,2,0,0
478,1,3,1,4,2,0
1660,1,16,3,6,6,0
1977,2,3,5,1,6,0
1824,1,13,3,3,4,0
1114,2,5,4,0,6,0
74,1,2,2,2,4,1
1352,2,18,1,6,0,1
132,1,14,6,4,4,0
791,2,15,5,0,0,0
1741,1,8,4,3,1,0
1117,2,5,1,0,6,0
937,2,6,3,4,6,0
1092,2,1,4,6,6,0
432,2,7,2,1,3,1
1037,1,1,4,0,0,0
573,2,7,2,2,4,1
1186,2,10,4,0,1,1
1684,2,10,4,0,0,0
515,2,11,6,0,2,1
691,1,9,1,0,6,1
1892,2,7,6,0,6,0
820,2,3,5,4,4,1
159,1,2,3,4,0,1
1363,2,5,2,6,4,0
1603,1,9,5,3,2,1
1101,1,7,6,4,1,0
571,2,1,3,1,3,0
1504,1,14,5,2,2,0
193,2,6,1,3,6,0
1021,1,4,1,0,4,1
1901,1,17,5,2,1,1
1085,2,20,5,6,4,0
535,1,14,4,4,2,1
66,2,16,3,0,2,0
555,2,4,6,3,1,0
1369,2,13,5,6,0,0
1014,2,11,2,4,1,0
1262,1,13,2,2,2,1
1423,2,20,5,6,2,0
1329,1,13,1,1,0,0
317,1,5,2,6,0,0
373,2,4,1,4,2,1
1612,2,18,4,4,3,0
360,1,13,2,2,6,0
731,2,10,1,3,0,0
1404,1,15,1,2,6,0
960,2,9,3,6,3,1
1270,1,15,2,3,6,0
1633,2,8,3,4,6,1
1621,1,11,1,0,4,0
785,1,2,6,1,0,0
900,1,2,3,2,6,0
143,1,10,3,0,0,0
57,2,12,5,4,4,0
182,1,8,2,2,6,0
138,2,15,6,2,0,0
1834,1,16,4,1,4,0
1688,2,5,5,0,1,0
1527,1,15,1,2,3,1
35,2,9,4,4,0,0
1840,2,8,2,0,0,0
753,1,16,5,6,1,0
1469,2,4,5,0,4,0
1916,1,17,2,3,4,0
304,2,3,6,2,0,0
647,1,5,6,4,1,0
1814,2,18,3,0,2,0
807,1,4,5,3,0,0
1040,2,2,2,3,2,1
1331,2,18,5,0,6,0
268,2,9,2,6,0,1
2000,2,18,3,6,0,1
1604,1,2,2,2,0,1
505,1,4,2,6,3,1
66,2,13,5,0,0,1
549,1,17,5,0,3,0
471,2,15,2,3,6,0
103,2,11,1,6,1,0
692,2,5,1,6,0,0
1913,1,15,2,1,1,0
285,2,5,3,6,0,0
1690,1,3,2,3,6,1
1056,2,15,1,0,4,0
230,1,5,3,6,3,0
267,1,2,6,1,3,0
388,2,7,6,1,2,0
287,2,4,3,1,4,0
726,1,10,2,0,0,1
1886,2,9,1,2,3,1
175,1,16,4,3,0,0
161,2,13,6,3,0,0
344,2,14,6,3,6,0
225,1,1,1,3,4,0
573,1,16,1,0,6,0
1295,1,10,5,3,2,1
1409,2,13,6,1,0,0
1578,1,4,1,3,3,0
1452,2,13,5,2,3,1
1071,1,14,1,4,6,0
879,2,3,4,4,0,0
1321,2,3,5,4,4,0
1575,1,9,5,3,3,0
316,2,14,3,4,2,0
662,1,11,4,0,4,0
1068,2,20,1,1,6,0
1781,2,5,6,0,3,0
1956,2,6,2,2,0,0
1728,1,9,3,4,0,1
338,1,1,1,0,6,0
1733,1,11,2,0,0,0
549,2,7,4,1,6,0
148,2,4,2,3,6,0
1662,1,3,5,3,6,0
1293,1,13,5,0,1,0
1926,1,5,2,3,6,0
1009,1,4,1,3,0,1
324,1,3,2,6,0,1
1665,1,4,3,6,0,0
639,2,18,2,6,4,0
915,1,5,5,3,3,1
129,2,2,2,3,2,0
593,1,10,4,3,3,0
1563,2,5,4,3,2,1
1090,2,16,4,3,1,0
766,2,10,5,0,0,0
1423,1,1,4,0,3,0
422,1,2,2,0,6,0
1031,1,18,4,0,3,0
1897,2,6,5,4,3,1
493,1,5,5,0,4,0
140,2,4,6,4,2,0
1536,2,12,3,2,3,1
446,1,11,4,1,6,0
1949,1,6,6,1,6,0
692,2,13,1,3,2,1
408,1,20,6,3,4,0
509,1,14,5,3,0,0
110,1,7,4,0,6,0
268,1,12,3,2,0,0
201,1,3,5,0,4,0
1141,2,10,1,3,0,0
117,2,12,2,3,0,0
1641,1,9,4,4,0,1
767,1,11,2,2,1,0
656,1,4,1,0,4,0
229,1,13,3,2,0,0
267,1,18,1,0,3,0
1061,2,16,5,4,0,0
32,1,17,3,2,1,1
206,1,3,1,3,2,0
1935,2,19,5,2,0,0
1487,1,9,5,2,4,1
188,1,13,2,3,0,0
1390,1,16,4,0,3,1
626,2,8,1,0,4,0
838,1,8,6,6,0,1
1106,2,14,5,0,6,1
1842,2,20,2,0,0,0
1453,1,6,4,0,0,1
633,2,1,3,0,4,1
1427,2,10,5,1,6,1
142,1,11,3,3,2,0
878,1,7,6,3,0,0
101,2,11,1,0,4,0
1752,1,17,3,0,1,0
351,1,20,4,2,6,1
1974,2,12,6,2,6,0
1469,2,5,1,3,2,1
1429,1,19,4,3,3,0
423,2,11,1,2,4,0
153,1,18,2,0,0,0
1649,2,15,1,0,0,1
294,1,15,3,6,6,0
259,2,20,1,0,0,1
1840,1,17,6,0,6,1
1471,1,15,1,4,1,0
926,1,2,5,0,3,1
424,2,11,2,0,0,1
1820,2,9,3,6,3,0
967,2,10,4,6,0,0
1581,2,17,4,4,1,1
1691,1,7,5,3,2,1
1683,1,12,6,6,0,1
1809,1,18,5,3,2,0
590,1,19,2,0,1,0
292,1,10,1,6,3,0
573,1,1,3,4,0,0
225,2,16,2,0,6,0
1606,1,4,2,0,4,0
445,2,20,4,3,6,0
656,1,15,3,0,6,0
798,1,3,1,4,4,1
1248,1,12,4,1,2,1
1681,2,12,1,6,0,1
1352,2,6,1,0,4,0
1161,2,9,4,4,3,0
1892,1,14,1,6,2,1
1091,2,16,3,1,1,1
155,1,10,3,4,1,0
1675,1,19,1,0,0,0
1922,2,5,6,1,3,0
631,1,1,4,4,2,1
1308,1,19,5,0,1,0
1911,2,2,1,3,4,1
1053,2,19,5,1,4,0
224,1,3,6,4,2,0
1546,1,13,3,1,3,1
458,2,1,1,3,4,1
527,2,1,3,1,4,0
1432,1,16,5,1,1,0
1132,1,13,3,0,1,1
1193,1,3,4,0,0,1
1007,1,3,5,3,4,1
538,2,9,6,4,2,0
1837,2,5,4,4,4,0
1687,2,4,1,0,0,0
80,1,2,3,1,4,0
1140,1,15,6,2,4,1
1836,2,20,5,1,0,0
712,1,14,6,4,0,0
143,2,4,1,0,0,0
1488,1,18,2,0,1,0
1082,2,9,6,4,6,0
52,2,14,3,4,0,0
1597,1,5,1,4,4,0
1367,2,2,5,0,0,1
837,1,12,4,6,4,0
30,2,17,1,0,0,0
1784,2,13,5,2,4,1
1325,2,14,5,0,0,1
1153,1,4,4,3,4,1
585,1,6,3,0,1,1
384,1,3,6,6,3,1
940,2,10,5,6,3,0
1814,1,11,2,2,2,0
1015,2,18,1,4,6,0
1702,1,6,4,3,6,0
639,1,1,1,0,4,0
1669,2,8,5,4,0,0
107,1,20,2,4,4,1
1869,1,11,2,0,6,0
225,2,3,2,3,0,1
1061,1,11,4,0,4,0
1723,2,19,1,0,4,0
673,1,6,5,1,3,0
379,2,8,5,6,4,1
1634,1,11,2,2,6,1
880,1,16,1,4,1,0
1457,1,17,2,0,6,1
82,1,19,2,6,1,0
1801,2,13,3,0,6,0
1945,2,16,3,0,0,0
509,2,1,1,1,4,0
1298,1,14,4,2,4,1
211,1,1,5,2,0,0
1081,1,5,6,1,1,0
1057,1,1,6,0,0,0
1829,2,16,4,2,6,0
1875,1,1,2,1,2,0
1094,1,6,3,0,2,0
389,1,14,5,2,4,0
596,2,2,1,0,0,0
821,2,10,6,0,3,1
235,2,19,1,0,3,0
1421,2,19,2,3,0,0
622,2,9,5,1,6,0
534,1,3,2,6,1,1
777,2,12,1,0,1,0
732,2,10,1,3,4,0
1721,1,9,4,2,6,0
1545,1,16,2,2,2,1
727,2,10,6,2,0,1
1623,2,10,3,2,0,0
1143,1,8,4,0,0,0
1139,2,20,6,4,1,0
277,1,3,6,1,0,0
1261,1,20,3,4,1,0
1751,1,19,1,3,3,1
1238,1,19,1,4,4,1
583,1,6,2,2,0,1
1468,2,14,6,0,2,1
1975,2,14,4,1,3,0
319,1,5,4,0,4,0
1764,2,12,2,0,0,0
958,1,16,5,2,0,0
1719,2,9,4,1,2,1
952,2,10,2,4,0,0
288,2,11,6,1,2,0
220,1,7,2,2,0,1
1837,2,1,3,4,6,0
1814,2,1,5,6,3,1
475,2,18,5,0,3,0
1880,2,9,3,4,6,0
30,1,16,6,0,0,1
1833,1,17,5,0,4,0
244,1,12,5,2,0,0
114,2,6,1,6,2,1
1027,2,5,5,6,3,1
2000,1,6,4,6,4,0
881,1,6,4,6,3,0
1229,2,11,4,2,0,0
1893,1,3,2,4,2,0
1863,1,15,3,4,1,0
125,1,1,6,1,2,1
331,2,20,6,4,1,0
934,2,13,3,0,0,1
1240,1,18,2,1,4,1
1157,1,8,4,4,0,0
1135,2,13,1,4,0,1
1922,2,4,1,1,3,0
1394,2,5,3,0,3,0
1457,2,15,6,0,3,0
1368,1,8,6,6,0,0
456,1,5,5,3,0,0
1752,1,10,3,0,0,0
327,2,16,5,1,4,0
451,1,11,5,4,0,0
1075,1,1,5,6,0,0
810,1,5,6,0,1,1
1243,2,8,4,2,2,0
1922,1,16,5,1,4,0
1748,1,3,4,2,1,0
932,2,18,2,6,2,0
1987,1,2,3,0,6,0
1270,1,6,3,2,3,0
1221,2,17,4,0,2,0
1541,1,7,2,2,4,1
1330,1,6,5,1,0,0
1191,2,2,5,6,0,1
1872,1,15,1,6,0,0
267,1,6,6,0,2,1
1746,2,4,1,6,0,0
1206,1,7,1,0,1,1
1169,2,11,4,3,4,0
1962,2,14,2,6,4,1
1401,1,14,3,0,0,0
1659,2,4,5,4,1,0
1576,2,13,2,4,4,0
1382,2,17,4,1,0,1
1957,1,5,1,0,3,1
93,1,3,4,4,0,0
236,2,7,2,0,4,0
1532,1,11,4,4,1,0
1080,1,10,5,6,2,1
1568,1,2,3,4,3,1
1061,1,6,2,6,4,0
541,2,10,4,2,2,0
149,2,10,4,6,6,0
774,2,8,4,6,0,0
1345,2,19,2,0,0,1
583,1,8,3,0,4,0
1438,2,11,4,1,0,0
1673,1,7,5,0,4,0
1792,2,12,5,3,0,0
359,1,5,5,2,4,0
1949,2,17,3,2,1,1
645,1,1,1,0,0,0
1889,1,9,3,0,3,0
366,1,16,5,6,6,0
1353,1,9,5,3,1,0
1397,1,19,1,1,1,0
883,2,15,3,6,1,0
1327,2,5,4,1,6,1
16,1,1,3,1,4,0
973,1,11,2,6,4,0
271,1,12,2,2,3,0
923,2,14,6,2,2,0
561,2,13,4,3,3,0
640,2,10,1,0,4,0
878,2,18,2,6,2,0
1549,1,14,6,6,2,0
93,2,2,5,6,1,0
842,2,7,5,1,6,0
544,1,15,6,1,6,0
979,1,7,2,0,0,0
1180,1,6,4,3,3,0
653,2,2,5,1,3,1
1003,2,6,6,0,3,0
1246,1,6,4,6,1,0
119,1,10,4,0,0,0
396,2,15,5,4,0,1
701,2,10,4,1,6,0
21,1,7,2,2,3,0
559,2,15,5,3,1,0
802,1,8,3,1,0,1
1013,1,18,2,4,4,0
504,1,9,1,0,3,0
1976,2,19,5,6,2,0
921,1,19,2,0,0,0
1309,2,14,2,6,4,0
181,2,12,2,4,3,0
76,1,6,4,6,4,0
1801,1,10,4,1,4,0
262,1,19,2,0,2,1
608,2,3,3,1,4,0
1037,1,2,4,4,2,0
202,2,12,4,4,4,1
373,2,1,6,0,2,0
690,2,12,6,2,3,1
1264,2,13,4,6,3,1
861,1,3,5,0,1,0
137,2,1,3,4,1,0
979,1,16,3,0,6,1
283,2,19,5,0,2,1
218,2,9,1,0,0,0
997,2,20,2,0,4,0
99,2,9,1,3,4,0
472,2,7,5,0,2,0
319,1,9,1,0,0,1
1581,1,5,5,0,2,1
65,2,18,2,1,0,0
522,2,16,3,0,3,1
1172,1,9,2,4,4,1
365,1,15,5,6,2,0
723,2,12,6,6,4,0
731,1,6,6,0,4,1
1272,2,12,1,0,0,0
509,1,5,4,2,0,0
1062,2,2,2,1,6,1
617,1,16,4,6,0,0
1518,2,4,4,2,4,1
1883,1,2,3,2,0,0
727,1,20,6,0,2,0
1101,2,12,1,0,4,1
1971,2,13,5,3,0,1
1156,1,2,3,4,3,1
498,1,14,1,1,0,0
472,2,20,4,0,4,0
524,1,15,1,6,4,0
716,1,2,4,0,3,0
1829,2,11,2,1,0,1
1175,2,14,4,3,2,1
1805,1,9,1,0,6,0
1725,2,16,1,1,4,0
300,1,5,4,0,1,1
1973,2,6,4,4,2,1
877,2,20,3,0,4,1
1187,2,8,4,0,0,0
1522,2,11,5,4,2,0
1215,1,15,3,1,0,0
64,2,12,4,3,4,0
437,2,10,3,0,0,0
451,1,11,2,1,4,0
1831,1,8,2,4,0,0
49,2,10,2,0,1,0
676,2,19,2,0,2,0
147,1,19,3,0,0,1
273,2,14,3,0,1,0
11,2,8,1,6,0,1
1464,1,4,1,4,4,0
1545,2,18,4,2,2,0
1744,1,5,2,3,0,0
1262,2,18,6,0,2,0
1458,1,12,5,3,1,0
1555,1,8,4,3,1,0
289,2,5,4,3,3,0
1150,1,14,3,4,1,0
1077,1,18,6,4,0,0
1232,2,10,2,4,2,0
1854,1,13,3,3,1,1
553,2,10,4,1,1,0
1739,1,3,3,6,0,0
1839,2,3,4,4,1,1
1546,2,17,1,3,0,0
865,1,10,1,0,3,0
879,2,16,6,2,2,0
882,2,14,4,0,0,0
1690,1,12,4,0,4,0
1242,2,15,3,0,1,1
670,2,10,6,3,2,1
1468,1,3,4,2,4,1
1362,1,12,1,6,2,0
1763,1,3,4,6,0,0
665,2,8,5,3,6,0
257,2,2,4,0,3,0
615,2,5,2,2,3,0
660,2,1,3,2,3,0
747,2,12,1,0,3,1
930,1,2,4,0,2,0
703,2,13,6,1,4,1
221,1,15,4,3,0,0
667,1,1,4,3,4,0
934,1,6,2,2,4,1
381,1,3,6,6,4,0
1094,1,9,4,0,0,0
1677,1,19,4,4,3,0
887,1,17,5,2,2,0
1442,2,14,6,2,0,0
1570,2,19,1,1,0,0
241,2,6,2,2,2,0
468,2,15,5,3,6,1
1428,2,3,2,3,0,1
446,1,16,1,1,3,0
1532,2,8,2,1,1,1
1127,2,4,1,2,2,0
474,2,2,2,6,0,1
13,1,1,6,1,0,0
1921,2,11,5,2,1,1
773,1,14,2,1,2,0
259,2,7,5,0,2,0
1391,1,10,1,3,2,1
1461,2,7,3,0,0,0
730,1,13,5,6,1,1
318,1,10,2,0,2,1
1357,2,17,6,0,2,0
884,2,9,1,2,2,0
626,1,18,5,1,0,0
867,1,9,2,2,6,1
1064,2,8,5,6,6,1
1039,2,4,3,0,0,0
304,1,9,1,4,3,0
264,2,18,4,2,6,0
453,1,13,6,1,4,1
1217,2,19,6,6,0,1
236,2,19,1,4,0,0
323,1,4,4,0,0,0
1582,1,4,1,2,6,0
1044,1,18,1,2,1,0
524,1,15,4,3,3,1
188,1,6,2,4,6,1
1521,1,6,3,1,0,0
257,1,5,4,2,4,0
504,2,18,3,0,4,0
1618,2,19,1,0,4,1
425,2,20,6,6,1,0
543,1,18,4,0,6,1
491,1,20,3,0,3,0
487,1,18,6,0,6,0
1423,2,20,3,2,4,0
1596,2,2,4,2,0,1
1655,2,12,1,2,3,1
1431,1,1,2,0,6,0
1738,2,4,5,0,2,1
683,1,6,2,4,0,1
227,1,5,5,2,4,1
1571,1,3,2,6,6,0
168,1,8,6,0,1,0
1753,2,20,2,4,6,0
774,1,7,1,0,4,1
357,2,3,6,3,6,1
4,1,17,5,6,1,0
1572,2,9,3,6,6,0
512,1,20,3,6,4,0
900,1,19,3,0,6,0
1256,2,5,1,2,4,0
959,2,17,1,1,4,1
1878,2,12,3,0,2,0
780,1,2,6,4,2,0
1941,1,1,3,2,4,1
247,2,19,4,6,4,0
1065,1,17,5,4,2,0
1224,1,5,6,3,0,1
1011,2,2,5,6,2,0
928,1,19,1,0,4,0
1077,1,17,1,0,0,0
891,1,12,1,0,3,1
269,1,15,5,6,2,1
971,1,5,3,1,1,0
1167,2,20,6,3,4,1
644,2,12,6,3,1,0
637,1,12,2,4,2,0
681,1,5,4,4,1,1
861,1,20,4,3,4,0
1697,2,19,3,1,6,0
1658,1,20,2,2,4,1
966,1,18,5,0,4,0
1721,1,5,3,0,4,0
273,1,5,6,6,2,1
1575,1,20,2,2,6,1
517,2,13,4,2,2,0
699,1,20,5,3,0,0
1071,1,3,4,3,6,1
393,2,3,5,0,4,0
708,1,6,3,1,4,0
1891,1,6,3,4,3,0
1310,2,17,2,0,3,1
1051,1,7,3,4,4,0
1223,2,4,2,2,1,0
1770,1,6,5,6,6,0
1794,2,14,2,6,0,1
883,1,14,6,4,0,0
1197,2,19,3,2,4,0
1730,2,15,3,3,4,0
465,1,19,5,0,4,1
1973,1,4,3,0,2,0
1768,1,18,5,6,3,0
1285,1,10,3,0,0,1
1604,2,16,1,1,0,0
1861,2,3,6,0,6,0
124,1,10,6,0,3,0
1143,1,12,5,0,4,0
1282,2,9,5,0,0,0
29,1,3,5,6,1,0
740,1,4,3,4,0,0
831,2,11,3,4,3,1
285,1,20,3,2,2,0
48,1,14,6,3,0,0
1699,2,20,3,2,4,0
1644,1,6,2,1,6,0
335,1,10,1,1,1,0
704,1,15,2,0,6,0
1483,1,3,3,0,0,0
1502,2,11,4,0,0,0
1224,1,11,6,4,3,0
469,1,4,3,3,2,0
1726,1,10,2,0,0,0
575,1,20,4,2,4,0
351,1,18,4,3,0,0
387,2,10,1,1,2,0
1730,1,14,1,2,0,1
1376,1,15,5,0,0,0
819,1,4,5,0,3,0
334,1,17,6,4,0,0
175,2,9,6,0,0,1
1921,2,19,6,4,6,0
173,1,8,2,1,4,0
922,2,11,1,1,4,0
1887,2,7,5,0,0,1
1735,2,5,6,4,3,0
678,1,12,1,0,0,0
1894,2,3,6,2,6,0
311,1,5,4,0,0,0
746,1,8,2,6,0,1
964,1,15,2,0,4,1
577,1,9,4,1,4,0
1855,2,4,2,3,3,0
562,2,8,2,0,0,1
1293,1,9,3,6,3,1
344,1,4,5,4,3,0
776,1,14,6,6,0,1
64,2,20,1,2,6,0
1868,2,5,5,0,3,1
1518,2,19,5,2,0,1
1126,1,7,5,1,1,1
492,2,13,5,1,0,0
1495,2,1,1,3,2,1
1156,2,3,4,3,0,1
972,2,1,3,3,6,1
1585,2,8,2,4,6,0
1628,2,8,4,3,0,0
179,1,4,2,1,2,1
777,2,3,4,6,0,1
1922,2,18,5,6,2,0
1138,1,6,1,0,0,0
1226,2,14,2,4,3,1
421,1,3,5,3,4,1
699,1,11,1,2,0,0
8,1,17,4,6,0,0
461,1,11,2,1,6,0
788,1,11,5,1,1,1
1588,1,20,1,2,2,0
1514,1,2,1,3,6,1
862,1,9,3,2,3,0
593,1,1,1,3,4,1
707,2,10,6,4,2,1
1856,2,4,5,4,2,0
1345,2,5,2,3,2,0
892,1,14,6,4,2,1
1639,1,1,6,1,6,0
1002,2,19,6,6,2,1
1545,1,20,3,6,0,0
339,2,4,5,2,6,1
121,1,19,6,4,1,0
1528,1,8,3,4,2,1
749,2,5,2,1,1,1
1134,1,15,3,2,3,0
367,1,10,4,0,1,0
704,1,14,5,0,6,1
1680,2,19,5,2,2,0
437,1,19,2,1,0,0
1635,2,1,1,2,2,1
1650,2,4,1,1,0,0
126,1,5,1,6,4,0
1069,1,1,1,3,2,0
1632,1,12,1,0,0,0
626,2,11,3,2,3,0
1266,1,11,3,0,0,0
1416,1,17,3,0,3,0
1672,2,17,6,0,1,0
338,1,5,2,2,0,1
1531,2,6,3,3,2,0
1951,1,18,4,3,2,1
656,2,3,3,0,2,0
1514,1,16,2,0,0,0
1679,1,10,3,6,1,1
726,2,5,5,2,6,0
1015,1,20,3,6,6,0
412,2,4,2,0,1,0
959,2,20,4,1,0,0
1517,2,19,4,0,0,1
265,1,14,3,3,0,0
1976,2,4,4,1,1,0
857,1,3,2,3,1,1
332,2,10,5,4,3,0
876,1,1,2,2,3,0
959,1,13,5,1,6,1
23,1,7,5,2,4,1
1698,2,7,1,6,4,0
214,2,11,3,0,2,0
800,1,8,4,2,6,1
761,1,2,1,0,4,0
1149,2,14,2,1,3,1
623,2,5,5,6,4,0
415,1,6,5,4,6,1
1115,2,13,1,0,3,1
1734,2,12,1,1,2,0
766,2,20,5,3,1,0
343,2,19,6,6,4,0
172,2,9,3,3,1,0
1122,1,18,6,3,1,1
1580,2,5,5,6,3,0
355,2,17,4,4,1,0
917,1,6,5,4,4,1
1554,2,4,5,0,0,1
411,1,16,6,6,2,1
1656,2,11,3,0,2,0
1768,2,5,1,2,1,1
728,2,13,4,0,6,0
938,1,12,3,6,4,1
1339,2,19,1,0,3,1
1477,1,18,1,0,0,0
856,2,20,1,4,4,0
27,2,18,6,0,2,0
1850,1,9,3,4,0,0
1252,2,17,6,4,6,0
1945,2,10,3,6,6,0
1951,1,8,1,0,6,0
635,2,15,4,1,0,0
1176,1,8,3,0,1,0
591,1,16,3,0,0,0
910,2,11,3,0,6,0
375,2,11,2,0,0,0
123,1,15,2,0,3,1
1474,1,8,6,0,0,0
1970,1,17,1,2,3,0
7,2,3,6,0,2,1
1958,1,4,1,2,6,1
1931,2,20,1,6,6,0
1402,1,2,6,1,0,1
168,2,3,2,1,3,0
1257,1,13,1,0,3,0
688,2,16,2,6,4,1
1258,1,7,2,6,1,0
1487,2,2,1,3,0,0
853,2,5,1,3,1,0
1198,1,13,5,1,6,1
205,1,11,6,0,0,1
911,1,17,4,1,6,0
1405,1,17,2,6,0,1
314,1,5,6,1,0,1
1841,1,3,1,0,6,0
707,1,14,2,2,3,1
456,2,18,5,3,1,0
896,2,19,4,6,3,1
56,2,13,1,2,6,0
482,1,20,4,3,2,1
601,1,15,6,1,0,0
1083,2,6,4,0,6,0
1799,1,14,2,6,1,0
368,2,7,1,2,1,0
121,2,9,4,4,0,1
43,2,5,3,0,0,1
372,2,4,3,3,1,0
11,2,11,4,2,0,0
710,1,8,6,3,1,1
1052,1,12,3,1,4,0
1240,1,5,6,4,0,1
206,2,5,3,2,1,0
1588,2,18,6,0,4,1
973,1,18,3,4,0,0
1932,2,9,3,3,0,0
378,2,20,2,6,0,0
523,2,8,5,0,3,1
1967,2,9,5,2,4,0
1613,1,8,1,4,6,0
541,2,2,6,0,6,1
1241,2,4,3,0,1,0
1467,2,18,6,4,2,1
479,2,3,5,0,1,0
1401,2,6,1,3,2,0
378,2,3,2,4,2,1
1619,1,13,3,4,1,0
659,1,3,1,4,6,1
1277,2,16,1,2,0,0
1013,1,18,6,6,4,0
1702,1,11,3,0,1,0
1561,1,14,2,1,1,0
1801,2,11,6,6,1,1
708,2,14,5,6,0,0
77,1,12,6,1,6,1
904,2,8,1,4,2,0
1562,2,13,2,4,1,1
1353,1,7,2,0,1,0
1935,1,15,6,0,0,0
1863,2,8,2,4,0,0
1857,1,12,1,1,0,0
1305,1,13,2,1,1,1
1767,1,14,6,6,0,0
1809,2,18,3,6,0,0
1485,1,17,5,0,0,1
1096,1,2,5,2,3,0
830,1,10,5,2,6,0
655,2,14,2,6,3,0
244,1,15,1,0,1,1
454,2,18,1,1,6,1
1180,1,19,5,3,0,0
1546,2,5,4,0,1,1
1908,1,13,5,4,3,1
940,2,7,6,4,1,0
1104,2,4,1,1,4,0
1451,1,3,1,3,0,0
389,1,11,6,6,0,0
704,2,19,5,6,1,0
433,2,3,4,1,1,1
1682,1,15,5,6,0,0
1102,1,14,1,4,0,0
990,2,1,3,4,3,0
752,1,10,4,6,4,1
984,1,19,6,4,6,1
1915,2,11,6,1,0,1
1135,1,13,3,0,2,1
497,2,1,1,0,3,0
458,1,15,3,2,0,0
316,2,19,5,6,0,0
647,1,17,6,1,0,0
4,2,14,5,4,4,0
1861,1,6,6,0,4,1
498,2,16,6,0,0,1
768,2,1,1,0,3,0
545,1,14,5,6,4,1
31,1,14,5,3,3,1
538,2,9,3,1,0,0
851,2,2,1,3,4,1
1913,1,19,6,0,6,1
442,1,13,6,4,6,0
1653,1,12,2,6,2,0
382,1,15,5,6,2,0
119,1,10,1,3,2,0
633,1,12,2,0,3,0
1074,1,12,3,4,2,0
1350,2,10,5,6,1,0
570,2,2,4,3,1,0
432,1,9,1,0,6,1
1403,2,7,2,2,0,0
1717,2,19,5,3,1,0
1944,2,7,4,1,3,1
1818,1,13,6,2,4,0
1105,2,7,1,1,0,0
768,1,14,6,1,6,1
1446,2,7,2,0,3,0
1245,2,9,4,2,0,1
1779,1,5,4,3,2,0
621,2,4,5,0,4,0
1142,2,15,2,1,4,1
1183,1,16,4,0,0,0
761,1,13,4,4,2,0
1891,2,10,1,1,4,0
1484,1,8,2,0,6,1
1396,1,17,6,0,2,0
117,1,17,6,6,1,0
1062,1,13,5,0,3,0
874,2,13,3,0,6,1
1776,2,15,4,4,2,0
1144,2,11,2,2,1,1
1664,1,19,4,3,2,0
537,2,5,4,0,1,1
1890,2,10,2,0,4,0
1017,1,18,6,4,6,0
469,2,14,2,1,3,0
485,1,1,2,1,6,0
701,2,13,4,3,4,1
1738,2,14,3,2,3,1
1948,1,11,5,0,1,0
1631,2,7,6,6,0,0
841,1,12,5,6,1,0
1878,2,16,4,3,3,1
1209,1,9,3,4,0,0
253,1,19,2,3,6,0
640,1,8,5,0,3,1
1820,2,9,5,1,2,1
1625,2,10,2,6,4,1
416,1,13,3,3,3,0
1805,1,19,4,2,0,0
1906,2,7,4,4,0,0
1226,2,1,3,6,2,0
1653,1,15,1,1,0,0
426,1,20,6,4,2,0
916,2,9,6,0,0,0
1736,2,12,3,0,4,0
118,2,7,5,2,2,1
837,2,2,1,4,0,0
1383,2,9,4,2,2,0
1959,2,18,5,4,4,0
349,1,13,3,3,6,0
570,2,18,2,3,3,0
983,2,14,1,2,6,0
61,1,18,4,4,1,0
187,2,16,4,3,6,1
1291,2,13,3,2,1,0
1967,2,13,1,1,4,1
971,1,14,4,4,0,0
1453,2,3,1,0,0,0
98,1,17,1,0,4,1
459,2,6,1,1,0,1
1317,1,5,4,2,2,0
1718,1,14,3,1,2,0
1251,1,4,2,3,1,0
1879,2,12,4,3,0,0
941,2,8,6,6,2,0
372,1,17,3,0,0,0
1631,1,6,1,1,3,0
707,2,9,5,0,6,0
511,2,1,1,2,0,0
1062,1,4,4,2,4,0
1500,2,10,6,3,0,1
1746,1,9,2,1,1,0
38,1,9,4,6,1,0
525,2,6,4,0,1,0
599,2,5,3,4,2,0
612,1,18,6,0,1,0
940,2,13,6,1,6,0
380,2,6,5,6,1,0
1266,1,4,6,1,3,0
1170,1,5,1,2,3,0
768,2,8,4,0,0,0
1161,1,14,4,6,2,0
161,1,15,5,0,4,0
283,2,4,1,1,4,1
447,2,20,2,2,4,1
1910,1,6,3,6,4,0
1686,1,9,6,6,4,1
388,1,16,2,3,0,0
661,2,4,1,0,1,0
328,2,10,4,1,3,0
1761,1,15,1,4,3,0
119,1,5,3,4,4,0
390,2,10,3,1,2,0
1913,1,15,3,2,0,0
127,2,10,3,0,2,0
137,2,12,5,3,0,0
813,1,8,6,4,2,0
612,1,13,6,2,0,0
627,2,5,4,2,0,0
675,1,17,3,0,2,0
47,1,6,3,6,4,0
1686,1,14,4,4,6,0
1932,1,13,6,2,4,0
636,2,16,1,4,0,0
216,1,16,3,0,2,1
1122,2,6,3,0,0,0
1620,2,14,1,1,0,0
1384,2,15,5,6,6,1
677,1,13,4,1,6,0
1317,1,20,3,2,3,1
1908,2,18,6,1,1,0
477,1,20,2,6,4,1
1930,2,16,6,0,6,1
1362,2,10,2,0,0,1
220,1,11,5,0,1,1
1632,2,13,3,0,2,0
1044,1,17,4,6,1,0
1796,2,19,3,6,3,0
38,2,6,1,0,1,0
595,1,10,3,6,1,1
1052,1,5,5,0,6,0
619,1,5,4,4,1,1
1952,2,18,1,6,6,0
1326,2,3,3,3,3,0
1706,2,11,3,0,6,0
219,1,2,6,2,0,0
1104,1,13,6,6,3,1
1280,1,1,4,1,1,1
115,1,1,1,0,0,0
322,1,2,4,0,2,1
112,2,9,4,0,3,0
1348,1,13,4,1,3,1
601,1,9,4,0,2,0
1137,1,8,5,3,2,1
316,1,15,1,3,0,0
652,1,19,4,2,1,0
444,2,13,4,3,0,0
1321,2,4,1,0,6,1
871,2,16,2,3,6,0
1000,1,17,2,2,6,0
594,2,6,4,4,0,1
737,2,10,6,0,0,0
506,1,11,3,4,0,0
1778,2,11,5,0,3,1
765,1,13,1,4,2,1
481,1,4,3,1,6,0
93,1,9,5,1,0,0
1282,2,7,2,4,1,0
1081,1,7,6,0,2,0
1427,2,7,6,2,6,0
1351,2,1,4,6,0,0
1606,2,18,3,0,2,1
1064,1,2,4,1,0,0
1521,2,14,4,0,0,1
1485,2,2,4,6,4,0
565,1,15,3,6,0,1
928,2,19,3,2,0,0
573,1,13,5,3,4,0
1119,1,12,4,6,4,0
1359,1,16,3,0,1,0
297,1,9,4,0,3,1
1899,1,14,2,0,4,0
853,2,14,5,3,3,1
1582,2,15,5,1,6,1
1388,2,4,1,0,6,0
1484,1,6,4,4,0,1
1960,1,20,3,0,6,0
1499,2,5,5,3,4,0
1213,1,4,3,3,4,0
148,2,12,2,3,1,0
234,1,3,4,2,4,1
836,1,10,6,0,6,0
1759,2,6,5,2,6,1
7,2,10,5,6,6,0
1140,1,9,3,1,3,1
1652,1,11,5,1,0,0
1502,2,15,4,3,2,0
1283,1,5,1,2,4,1
1394,1,15,2,2,2,0
1115,2,18,2,4,0,0
367,1,6,3,3,2,0
411,1,3,5,2,6,0
555,1,13,3,6,0,1
1587,2,14,3,2,4,0
1694,2,10,3,4,3,0
1490,1,13,6,6,6,1
999,2,4,3,1,4,0
1200,1,5,5,4,2,0
1491,1,5,2,3,2,0
1783,1,3,4,2,3,0
146,1,7,6,1,3,0
117,2,1,3,1,1,0
1612,1,3,4,3,0,1
1470,2,6,6,1,2,0
1914,2,8,6,4,0,1
1811,2,9,2,0,2,0
1868,1,13,6,6,2,1
1432,1,18,2,0,4,1
1076,2,11,3,0,0,0
371,2,10,6,4,3,0
1723,2,1,2,0,4,0
984,1,10,5,6,3,0
879,1,3,5,1,4,0
967,2,14,5,4,3,1
980,1,9,6,2,3,1
1640,1,12,6,3,3,0
1351,1,4,4,0,2,0
327,1,2,2,1,4,0
1443,1,10,6,3,1,0
732,1,20,6,2,4,0
1218,1,14,2,2,2,1
1482,2,17,1,2,2,0
401,2,10,6,0,3,1
1738,2,17,2,1,2,1
1412,2,4,6,6,0,0
1068,2,2,2,4,4,0
1797,2,7,5,3,0,1
1953,2,10,2,0,0,1
1319,2,12,4,1,0,0
1885,1,18,3,1,2,1
1575,1,3,5,2,6,0
1814,2,6,4,0,2,1
1519,1,11,2,1,1,0
598,2,4,2,4,6,0
659,2,15,6,3,3,0
486,1,7,1,3,1,0
1,1,9,4,1,3,0
1724,2,1,1,0,6,1
1089,1,20,5,4,6,1
686,1,11,3,4,3,0
1973,1,5,6,0,6,1
920,2,3,5,3,3,1
1406,1,4,5,0,2,0
950,1,4,4,6,6,0
446,1,3,6,0,1,0
387,2,16,5,0,4,1
1460,2,12,6,3,4,0
565,1,12,5,1,2,0
499,2,16,4,0,3,0
976,1,19,5,0,2,0
355,1,16,4,4,2,1
1357,1,12,1,0,3,0
1233,1,11,4,0,4,1
1543,1,13,4,3,1,1
1778,2,20,5,3,6,0
1307,2,4,6,2,4,0
1487,1,1,6,4,2,0
812,2,15,4,2,6,0
530,2,17,3,3,4,0
1974,1,17,1,2,4,1
1096,1,6,3,3,2,0
736,2,2,4,0,0,1
367,2,13,6,2,1,0
308,2,1,1,1,0,1
3,2,16,2,0,1,1
1775,2,1,6,3,0,0
729,2,16,6,1,4,0
741,1,10,3,0,3,1
482,2,1,5,6,1,0
1799,2,10,2,0,2,0
1822,1,14,5,2,0,0
394,1,8,1,6,0,1
1787,2,8,4,3,1,1
1665,2,17,2,2,3,1
416,2,15,4,0,6,0
208,1,6,5,1,1,0
1544,1,1,5,0,0,0
318,1,14,3,0,2,0
186,1,20,4,0,6,1
639,1,14,1,0,2,0
858,1,6,5,0,3,0
83,2,18,5,2,0,0
1638,2,8,6,2,3,1
671,1,7,2,0,2,1
1988,2,5,5,2,4,0
1993,1,8,2,2,6,0
471,2,19,2,0,6,0
198,2,9,3,0,1,0
688,1,19,5,3,2,0
242,2,7,4,1,2,0
439,1,16,6,3,0,0
758,1,1,5,3,0,0
1332,1,17,4,2,0,0
1480,1,12,5,0,0,0
747,2,7,6,3,4,0
1753,2,3,3,0,2,0
31,2,19,2,6,4,0
1982,1,5,5,0,6,0
978,2,18,1,0,2,0
414,2,6,4,0,4,0
1640,2,3,3,1,3,0
1229,1,19,2,0,4,0
487,1,19,1,0,2,1
154,2,7,6,6,6,1
147,2,20,3,6,4,0
451,2,17,3,0,0,0
1073,1,12,5,1,2,0
395,1,9,3,0,3,1
1879,1,4,6,4,0,0
396,2,6,4,0,0,0
1994,2,12,4,1,0,0
82,1,20,5,3,0,1
723,1,7,4,1,6,1
1058,1,10,2,1,3,1
987,2,12,6,1,0,1
1435,2,1,3,0,0,1
1081,1,14,1,2,1,0
1906,2,5,4,6,0,1
892,1,18,1,6,3,1
67,2,8,3,1,0,0
1070,2,3,5,0,0,0
1983,2,2,1,0,3,0
555,2,18,5,6,4,0
1367,1,8,2,0,3,0
1861,2,10,3,0,1,1
1241,1,15,2,4,6,0
1287,1,20,1,2,1,0
701,2,19,5,2,3,0
1829,2,4,6,0,1,1
1290,1,11,4,1,4,0
1887,2,9,4,4,0,0
798,1,8,5,4,1,1
80,1,9,5,0,2,0
1688,1,19,6,0,4,1
1204,1,14,3,3,2,1
1890,1,4,4,1,0,1
1554,2,19,4,0,3,0
964,1,18,6,4,3,1
1264,1,6,4,3,0,0
1610,1,4,3,2,4,0
1293,1,18,1,0,4,0
237,1,5,6,1,3,0
961,2,17,2,3,0,0
845,2,17,6,0,4,1
1919,1,4,1,0,3,0
1782,1,3,2,2,0,1
557,1,8,4,6,0,1
792,2,5,3,4,4,0
1184,2,15,1,6,2,0
934,1,12,2,3,6,0
858,2,2,3,4,2,0
1097,2,16,5,2,3,0
1373,2,19,1,3,2,0
1843,1,18,3,0,4,1
1434,2,3,4,0,0,0
1089,1,18,3,0,2,0
155,2,19,3,0,4,1
1122,1,19,1,0,4,0
445,2,7,5,0,2,0
359,1,12,5,4,4,1
1135,1,2,6,0,0,1
1794,1,20,5,6,4,0
171,2,13,1,4,0,1
1857,1,19,1,6,6,0
904,1,3,1,2,0,0
507,2,8,1,4,3,0
1376,2,11,5,2,4,1
1419,1,11,6,0,6,0
661,1,9,5,6,0,1
479,1,10,5,0,0,0
1541,2,6,5,0,1,0
759,2,8,5,3,0,1
1151,2,4,3,6,4,1
1650,1,12,4,3,1,0
514,1,15,4,2,1,1
908,2,10,5,0,1,0
883,2,14,5,1,6,0
1550,2,20,6,0,6,1
110,1,12,1,6,6,1
1639,2,13,4,0,0,0
1541,1,14,4,0,0,1
1460,1,20,4,1,3,0
941,2,18,3,1,1,1
1538,2,1,5,6,6,0
699,1,11,6,3,2,1
1273,2,17,3,0,2,1
357,1,3,2,1,1,0
1738,1,1,2,3,1,0
1801,1,15,2,1,6,0
1998,1,18,6,3,2,0
645,1,18,5,4,6,0
602,2,19,4,2,0,0
348,2,11,2,0,0,0
1685,1,11,3,0,2,0
1385,1,10,3,2,4,0
1138,1,4,6,6,0,0
875,2,15,6,3,0,1
1073,1,8,2,6,4,1
122,2,5,2,3,2,0
432,1,2,6,2,3,1
1086,2,20,6,3,4,0
107,1,3,1,0,0,1
1775,2,16,2,2,2,0
566,2,4,1,6,0,0
1600,2,5,4,3,3,1
1439,2,15,6,4,3,0
1806,1,9,2,6,2,0
165,2,20,6,6,3,0
1013,2,11,2,0,0,1
1269,1,19,2,0,1,0
129,1,7,2,3,2,1
1184,1,17,6,0,0,0
823,2,20,1,3,1,1
1440,2,13,4,2,4,0
530,2,18,3,4,3,0
1370,1,3,3,6,2,0
363,2,4,6,3,0,0
1157,1,8,4,0,6,0
32,1,4,2,0,0,1
521,2,6,2,6,2,0
1799,1,10,4,0,4,1
595,1,1,5,3,0,1
490,2,9,4,6,0,1
664,2,17,5,6,0,0
283,2,17,1,1,4,1
1601,2,18,6,6,6,1
478,1,12,6,6,3,0
73,1,2,2,4,1,0
1420,2,13,3,0,0,0
116,1,15,3,0,4,0
543,2,10,2,2,0,0
22,2,19,1,0,6,0
330,2,8,6,0,3,0
1188,2,13,6,1,0,0
1085,1,18,6,2,1,0
1021,2,16,6,2,6,1
1211,2,20,3,2,1,0
1612,2,5,1,1,4,0
361,1,10,5,0,0,1
1250,2,4,1,6,0,1
792,1,7,4,0,2,1
1760,1,19,5,1,4,0
1471,1,10,3,0,0,0
248,1,1,1,3,4,0
1690,1,6,3,4,2,0
1247,1,3,3,4,0,0
1346,1,20,5,3,0,0
1904,2,20,2,1,0,0
1076,2,8,4,6,0,1
1876,1,20,5,1,4,1
216,1,7,6,6,1,1
1964,1,10,5,0,6,0
726,1,5,6,1,2,1
327,2,4,5,2,4,1
106,2,2,3,3,0,1
1009,1,2,3,4,6,1
115,2,6,5,2,4,0
1854,2,13,1,3,1,0
1569,1,6,3,6,0,1
1471,2,15,6,6,0,0
171,1,10,3,3,4,0
72,1,20,1,3,0,1
713,1,8,2,1,6,1
812,1,17,3,6,4,0
889,2,3,2,6,0,0
1242,2,4,3,4,0,0
1735,2,18,4,1,1,0
1312,1,13,1,0,1,1
27,1,6,6,4,6,0
1348,1,13,4,1,1,1
1815,2,20,1,3,6,1
980,1,7,5,0,1,1
1334,2,18,6,2,0,0
797,1,9,2,3,4,0
171,1,2,4,3,1,0
151,2,16,2,6,3,0
19,2,3,3,2,3,0
1265,1,5,3,0,4,1
1139,1,17,6,0,6,0
1462,2,15,3,0,0,0
244,1,5,1,2,2,0
1639,2,17,6,2,1,0
1436,1,8,5,0,2,1
68,2,1,4,0,0,0
1729,2,18,4,3,6,0
178,1,3,1,4,6,0
168,1,5,1,0,1,0
1916,1,16,4,0,4,1
110,1,18,4,6,2,0
1297,1,3,4,3,1,1
1263,2,20,1,2,3,0
1333,1,4,2,3,4,0
542,2,18,5,3,4,0
1705,2,15,1,6,4,1
1498,1,18,5,0,3,0
1840,2,16,4,1,0,0
459,1,5,2,2,2,0
1747,1,3,4,0,1,0
1272,2,5,3,2,6,0
524,1,9,2,4,2,0
1182,2,5,5,3,0,1
509,2,16,5,4,3,0
1858,2,8,3,0,4,0
1630,1,20,6,0,0,1
456,2,10,2,2,3,0
1565,1,3,3,6,0,0
1160,1,17,3,4,2,0
1789,1,14,5,1,6,0
1849,1,13,5,0,6,0
390,2,19,4,0,4,0
1385,1,13,5,2,4,1
1857,2,20,5,2,6,1
1376,2,5,3,1,6,0
31,2,10,6,2,0,0
153,2,17,3,4,0,0
146,1,20,4,6,4,0
84,1,10,4,2,4,1
967,1,20,5,6,0,1
1994,2,11,1,3,2,0
158,1,13,3,2,6,1
255,2,16,1,4,1,0
953,1,18,5,3,1,1
426,2,8,2,1,2,0
299,2,8,3,0,0,0
53,2,16,6,6,0,0
502,1,1,5,0,1,1
666,2,6,4,2,2,1
334,2,18,5,0,6,1
657,1,13,5,0,6,1
1657,2,5,1,4,6,1
1668,2,2,5,0,1,1
320,1,17,5,6,6,0
1629,1,9,6,0,3,1
1172,2,20,1,0,2,1
305,1,14,5,1,6,1
816,2,15,6,0,2,1
907,2,11,4,0,4,1
384,2,16,4,6,4,0
488,2,2,1,4,0,0
1392,1,1,5,6,4,0
478,2,15,5,0,1,0
1466,1,12,3,0,6,0
1690,2,7,2,2,2,0
1155,2,15,6,6,2,1
291,2,6,3,4,4,0
1962,1,10,3,1,6,0
1109,2,9,5,0,1,0
812,2,5,6,4,4,1
1518,1,13,4,6,6,0
209,2,20,2,4,1,1
649,1,10,3,1,3,0
1938,2,7,6,0,0,0
1580,2,1,3,1,2,1
1847,2,5,5,1,3,1
1689,1,6,3,6,6,0
633,1,13,1,1,4,0
1415,2,6,5,2,0,0
158,2,7,1,0,6,0
1838,1,16,1,0,0,0
1514,2,3,3,4,6,0
290,2,14,1,4,1,0
1090,1,4,6,2,1,1
267,2,9,3,1,0,0
1904,1,12,1,6,6,1
650,1,6,1,2,6,0
1483,2,11,6,0,2,1
1196,2,20,5,0,2,0
778,1,15,4,4,0,1
886,1,12,1,0,3,0
1276,2,15,5,1,3,1
693,2,17,4,2,4,1
1649,1,9,5,1,2,1
354,2,11,2,3,0,0
621,2,7,6,3,1,0
1284,2,20,3,0,2,0
941,2,16,6,4,3,0
810,1,7,5,0,0,0
1974,2,6,1,3,4,0
766,2,16,5,2,0,1
1515,1,3,3,0,1,1
144,2,16,5,0,6,1
633,1,11,1,3,0,0
691,2,14,1,0,0,1
986,1,6,1,4,4,1
1686,2,12,4,3,6,1
1508,1,15,1,0,2,1
191,1,8,1,2,1,0
683,1,12,5,4,0,1
353,2,20,3,3,0,1
1489,1,4,5,0,6,1
1194,2,13,3,4,3,0
532,1,2,4,3,1,1
1782,1,12,1,4,0,0
24,2,16,4,2,1,0
1480,2,1,3,0,0,1
1172,1,15,3,6,3,0
1685,2,7,1,2,1,0
1183,2,16,2,6,4,0
1444,2,3,3,2,1,1
667,2,17,6,1,2,0
186,1,18,1,0,1,0
1232,2,10,4,4,6,0
912,2,17,2,6,0,1
1858,1,9,5,4,0,0
5,1,20,1,0,1,0
1430,1,11,1,0,0,0
1528,1,6,4,1,1,1
652,1,15,3,0,4,1
1952,2,11,5,3,1,0
208,1,7,2,0,4,0
458,1,20,5,2,4,0
558,2,16,6,6,3,1
1541,1,19,3,0,0,0
476,2,5,6,0,4,0
1307,2,14,4,3,0,0
890,2,4,3,1,0,0
341,1,3,1,4,1,0
1566,1,1,5,0,2,0
1083,1,16,1,0,3,1
1346,2,18,5,4,0,1
397,2,4,2,6,3,0
1799,1,2,1,6,4,0
956,1,19,4,2,6,0
1005,2,10,5,0,2,0
1310,1,16,2,0,0,0
1727,1,19,5,1,3,0
966,2,5,6,0,4,1
1249,1,14,1,0,1,1
393,2,15,4,1,6,1
209,1,20,5,1,4,1
1849,2,17,3,1,1,0
1045,2,13,4,0,0,0
1971,1,8,4,0,6,1
320,1,10,1,3,4,0
533,2,6,2,1,3,0
527,1,9,6,2,0,0
750,2,16,4,0,0,0
1182,2,11,4,6,2,0
99,1,3,6,2,6,1
1055,2,12,4,2,4,0
1200,2,20,5,4,3,0
833,2,11,2,2,4,0
111,2,16,2,0,0,0
811,2,17,5,0,2,0
1935,2,12,1,0,0,1
216,2,20,2,2,1,1
1180,2,16,3,3,1,1
1543,1,4,1,0,3,0
1317,1,19,6,1,0,0
543,1,8,4,4,0,0
1147,2,15,1,1,2,1
1338,1,17,1,1,3,0
67,1,7,2,3,3,0
339,1,5,4,4,0,0
1846,1,10,1,6,1,1
1464,1,13,3,1,1,0
1527,1,3,5,0,0,1
434,1,9,2,0,3,0
602,1,2,3,0,4,0
967,1,12,4,6,0,0
321,2,9,2,0,0,1
1824,2,18,5,1,4,0
1453,2,3,6,0,2,0
223,2,6,6,6,0,1
1160,1,6,6,0,3,1
54,2,10,3,4,2,1
299,2,14,6,4,1,1
58,1,15,5,0,1,0
1475,1,3,2,3,4,0
1394,2,14,2,2,0,1
1549,1,9,6,6,1,0
994,2,12,3,2,2,0
506,1,13,2,6,3,0
1047,2,14,6,0,0,0
1959,1,4,6,0,1,0
341,2,1,6,4,0,0
697,1,20,1,4,6,0
1026,1,12,4,6,6,0
246,2,14,1,6,4,0
1009,1,13,5,2,0,0
338,1,19,1,6,3,1
771,1,3,1,4,4,0
1221,1,14,4,6,3,0
1376,2,10,6,4,1,0
1300,1,11,5,4,1,0
378,1,10,2,2,1,0
1285,2,10,3,2,3,1
1195,2,1,5,4,6,1
1767,1,8,5,0,0,0
269,1,2,5,1,4,1
69,2,6,2,4,0,0
1203,2,3,3,0,2,0
577,2,17,5,0,2,0
896,2,6,4,4,1,1
1795,1,15,3,2,6,1
742,1,14,2,4,2,1
1394,2,15,6,0,2,1
543,2,14,6,0,4,0
1829,1,11,2,3,4,0
91,2,2,6,0,4,1
1565,2,6,5,6,0,0
1117,2,17,5,6,1,0
1654,2,4,1,0,0,0
1301,1,14,6,1,2,0
1490,2,20,3,4,4,0
896,2,17,5,2,4,0
605,1,13,3,1,0,0
395,2,1,2,6,1,1
668,2,7,3,1,6,1
406,2,3,6,1,4,0
1580,2,20,4,4,0,1
232,2,20,2,1,4,0
1554,1,20,6,1,4,1
742,2,20,5,2,0,1
594,2,7,3,6,6,0
1480,1,11,3,3,6,0
1672,1,18,6,3,4,0
1928,1,12,2,0,4,1
462,1,9,1,2,3,1
1790,2,10,6,4,1,0
1055,1,1,6,4,4,0
1447,2,8,6,1,1,0
1824,2,6,6,0,0,0
1334,2,18,3,6,0,0
576,1,14,3,0,0,0
448,2,12,5,6,3,1
874,1,6,4,1,3,0
1679,2,10,6,4,0,0
16,1,14,6,6,1,0
119,1,10,5,1,6,0
1801,1,7,2,3,3,1
1163,1,8,6,3,4,1
1669,1,12,3,0,2,0
1582,1,18,2,0,0,0
97,2,19,3,0,6,1
1916,1,6,5,0,0,0
1968,2,13,5,3,4,0
52,2,12,3,0,6,1
323,1,17,6,2,6,0
1271,2,2,6,3,6,0
246,1,9,5,4,6,1
1499,2,18,1,0,1,0
75,2,9,6,2,6,0
1552,1,3,2,4,1,0
786,1,17,6,1,0,0
1232,1,17,4,6,3,0
1235,2,18,2,2,2,1
1324,2,1,3,0,0,0
1078,1,4,5,2,4,1
1576,2,9,2,1,6,1
1978,2,18,4,0,2,0
875,1,4,4,3,0,0
124,2,6,2,1,0,1
1661,1,1,2,1,6,0
1009,1,7,2,2,2,0
487,2,3,1,4,2,0
877,2,11,4,6,1,0
162,1,2,5,2,1,0
1257,1,10,5,0,0,1
1546,1,10,6,3,1,1
702,2,5,1,6,6,0
208,1,11,5,0,2,0
48,2,20,5,6,0,0
1636,1,20,1,1,3,1
1204,1,20,1,6,0,1
322,2,11,1,1,2,1
1512,1,5,2,4,0,0
357,1,19,2,2,0,0
1192,1,8,1,6,2,0
530,1,15,2,3,4,0
14,2,20,1,0,4,0
1947,2,17,4,3,4,1
671,1,7,2,0,3,0
530,2,8,2,4,0,0
707,2,6,2,4,6,0
564,1,17,3,6,2,1
1984,1,9,3,6,0,0
4,1,2,2,1,0,0
880,2,1,4,3,3,0
202,1,16,3,3,2,0
333,1,15,1,1,6,0
1657,2,1,5,3,3,1
1530,2,15,5,0,1,0
1423,1,1,6,2,3,0
1890,1,6,4,0,0,0
1665,2,2,4,3,1,1
1626,2,18,4,3,0,0
383,2,19,2,0,6,1
1450,1,19,3,3,2,1
1009,2,10,6,3,4,1
1548,2,17,6,6,2,0
1096,1,5,5,3,6,0
734,2,5,5,6,6,1
1226,1,3,5,4,3,0
314,1,10,3,4,0,0
636,1,15,1,0,4,0
420,1,10,4,1,4,1
119,2,10,4,0,4,1
537,1,2,2,1,3,1
113,2,10,6,2,0,0
140,1,11,1,0,6,1
1516,2,16,5,1,3,1
898,1,7,1,4,1,0
1273,2,1,5,6,1,0
125,1,20,5,2,0,1
312,2,16,5,1,2,0
122,1,10,4,6,0,0
76,2,18,3,3,0,0
766,1,11,5,6,0,0
971,2,7,6,0,2,0
1644,2,5,6,1,0,1
1196,1,10,2,0,3,0
54,2,9,5,1,6,0
579,1,20,1,6,6,0
408,1,5,5,0,0,0
1294,2,20,4,2,0,1
937,2,3,3,0,1,0
1799,2,19,4,3,6,0
1604,2,15,6,0,6,1
437,2,5,4,2,2,0
675,1,2,1,0,0,1
427,1,17,3,0,2,1
1816,2,15,4,2,4,1
1332,2,13,6,4,1,1
1588,1,7,6,1,0,1
1254,2,3,1,2,2,0
1454,1,19,2,1,3,0
1750,1,16,4,1,1,0
745,1,3,4,1,6,1
161,2,16,4,4,1,0
937,1,18,2,3,0,0
164,2,16,5,0,4,0
1207,1,13,4,6,0,0
1157,2,18,6,0,1,0
650,1,8,6,2,6,1
973,1,17,5,1,4,1
359,2,16,3,3,3,0
1030,2,4,5,3,1,0
268,2,19,5,2,6,0
1837,2,14,2,4,6,0
1420,1,7,6,1,2,0
1432,1,17,6,3,0,0
237,2,6,5,4,6,0
1911,2,4,5,3,0,0
388,2,20,3,3,0,0
1176,1,9,6,1,3,0
1428,2,13,4,3,4,1
1076,2,10,4,0,2,1
612,1,20,6,6,4,1
1062,1,14,3,6,4,0
174,1,16,1,0,6,0
824,1,9,6,0,2,1
1641,1,12,2,0,6,1
574,1,15,6,0,4,0
1090,1,4,6,4,3,0
612,1,12,4,6,2,0
1132,2,20,6,0,6,1
1102,1,16,4,3,3,0
1710,1,5,2,4,0,0
131,2,8,2,1,4,1
1915,2,12,4,4,6,0
1786,2,4,5,2,0,1
228,1,1,3,6,4,0
655,2,12,5,2,0,0
732,2,4,3,6,0,1
1783,1,9,1,1,2,1
1183,1,2,6,0,4,0
1392,1,20,5,0,3,0
1736,1,5,2,0,2,0
1698,1,16,4,0,6,1
175,1,9,6,2,0,0
269,2,15,3,6,0,1
238,1,20,2,3,0,0
987,2,18,3,6,6,0
1096,2,15,6,3,1,0
566,2,1,4,2,0,1
673,1,5,1,4,0,0
1881,2,13,1,3,6,0
1009,1,4,1,3,6,0
866,2,15,3,4,3,0
303,2,9,3,3,1,0
1518,2,13,5,3,2,0
898,2,19,1,0,3,1
1201,2,2,1,0,0,1
310,2,15,5,3,3,0
605,2,8,5,6,0,1
28,2,12,2,6,0,0
1548,2,9,5,3,1,0
847,1,9,4,0,0,1
732,2,15,3,1,6,1
831,2,19,4,3,1,0
283,2,12,5,0,0,1
310,2,11,5,6,0,1
1067,2,20,1,2,4,0
895,1,4,2,1,0,0
1363,1,18,2,1,3,0
481,2,14,3,0,0,0
1809,1,13,2,2,0,0
851,2,4,3,6,2,0
666,2,2,2,0,6,0
1567,1,4,2,1,0,1
1494,2,11,1,0,0,1
554,2,3,5,0,0,0
607,1,19,5,6,0,0
573,2,5,1,3,0,1
853,2,18,3,3,0,0
878,2,19,3,1,0,0
131,1,10,1,3,0,0
648,1,3,4,2,4,0
1852,2,11,5,6,4,0
755,2,17,2,2,6,0
222,2,7,1,4,6,1
1243,2,13,5,3,6,0
1225,2,4,6,2,0,0
493,2,1,1,2,6,0
955,1,3,1,1,6,0
1249,2,15,4,6,4,0
1853,1,13,4,0,1,1
126,1,11,2,4,4,0
276,1,7,2,2,0,0
1309,2,13,4,4,0,0
955,2,3,3,3,6,1
194,2,16,2,0,1,0
1013,1,19,6,3,0,1
508,1,15,5,4,0,1
654,1,3,6,3,0,0
1120,2,16,2,0,1,0
1514,1,10,4,2,0,1
645,1,4,4,3,4,0
241,1,15,2,1,6,1
325,1,7,1,1,0,0
1496,2,15,4,3,3,1
973,1,9,4,1,0,0
599,1,12,3,3,3,1
1971,1,13,1,4,6,0
1170,2,7,4,0,3,0
1863,2,2,4,0,4,0
1385,1,17,1,0,1,0
619,1,12,1,3,0,0
1688,1,10,3,1,0,1
1330,1,14,6,3,0,1
913,2,3,4,4,1,0
1963,2,14,1,2,0,0
893,2,18,1,0,6,1
560,2,6,1,3,6,0
250,1,7,3,0,6,0
1197,1,15,1,2,0,0
1278,2,18,3,0,3,1
1080,1,17,6,3,0,0
1360,1,12,3,0,4,1
1543,2,15,4,3,0,1
550,1,3,2,4,2,0
222,2,19,6,0,0,1
22,1,18,6,4,3,1
965,2,13,5,1,6,0
76,2,14,3,3,0,0
1290,2,19,2,1,4,0
1973,2,11,6,6,3,0
91,1,5,2,6,0,0
1031,2,12,3,0,2,0
1734,1,4,1,6,0,0
464,1,14,1,2,0,1
888,1,16,3,4,0,0
1087,2,10,2,1,0,0
589,2,12,3,1,3,1
592,2,10,5,3,4,0
1625,1,12,4,1,0,1
600,1,5,3,0,3,0
451,2,19,5,0,1,1
122,1,16,2,4,0,1
892,1,17,5,3,0,1
952,2,18,2,3,0,1
814,2,19,5,0,2,0
840,1,12,1,4,1,1
1932,1,17,2,0,4,0
31,2,4,3,0,1,0
742,1,15,6,2,1,1
1215,2,2,1,2,4,1
518,1,20,5,3,0,0
69,1,12,4,0,6,1
713,1,11,4,2,1,0
582,1,17,1,2,0,1
1734,2,4,4,2,2,1
1440,2,16,5,0,3,1
319,1,7,6,3,3,1
1163,1,19,3,4,2,0
70,2,1,5,3,1,0
1922,2,2,4,1,4,1
1792,2,2,6,6,4,0
590,1,2,6,4,1,1
1961,1,15,3,3,6,0
1937,2,19,1,4,2,0
1832,2,15,3,2,0,0
1206,2,18,1,1,3,0
990,1,7,6,1,0,0
488,2,14,1,1,0,0
985,2,11,4,3,0,0
1691,2,18,2,2,1,1
257,1,4,6,1,0,0
1177,2,17,5,4,0,0
1252,1,14,4,4,2,0
1148,1,20,2,3,1,1
1725,1,6,6,0,0,0
1633,2,13,4,3,2,0
397,1,16,3,3,6,0
1027,2,9,4,6,6,0
700,1,10,3,2,1,0
1245,2,16,1,1,3,0
1242,2,17,4,1,3,0
1642,2,4,3,0,6,0
1998,2,10,2,4,0,0
119,1,4,3,6,0,1
1353,1,10,6,0,2,0
1220,1,10,5,6,0,0
1725,2,14,4,0,4,1
895,1,3,4,3,6,0
1423,2,8,2,4,1,1
1097,2,14,1,3,3,0
234,2,6,2,0,2,0
51,1,9,3,6,6,0
1197,1,7,1,0,0,1
1153,2,20,5,4,0,0
189,1,9,5,4,3,0
544,1,20,4,4,0,1
1983,2,18,1,2,6,1
982,1,1,3,3,0,0
1902,2,14,6,6,4,0
15,1,20,4,0,4,0
879,2,15,3,6,6,0
862,2,16,3,1,4,1
92,2,14,4,4,0,0
1074,1,12,1,3,2,1
1631,1,1,1,6,2,1
205,2,12,1,6,3,1
1080,1,7,5,0,0,1
125,2,18,3,0,2,1
883,1,18,6,2,4,1
1647,2,11,3,1,6,0
1251,2,6,4,4,3,0
885,2,12,4,1,3,0
90,1,16,4,3,4,1
1998,1,11,2,1,6,1
1301,2,9,2,6,4,1
496,1,11,6,0,0,0
140,2,13,1,0,3,0
1104,1,3,5,4,0,0
1517,2,16,1,6,2,0
946,2,12,3,3,1,0
1942,1,9,6,0,2,0
1421,2,5,6,0,4,0
1817,2,8,1,0,1,0
1465,1,11,3,0,4,0
1507,2,10,3,6,1,0
1434,1,20,6,2,1,1
1793,1,16,1,6,6,1
336,1,16,5,2,3,1
377,2,16,5,0,2,0
1303,2,19,5,4,1,0
652,2,15,5,0,0,0
896,1,12,2,3,0,0
1997,1,3,3,0,1,0
1223,2,2,2,0,6,0
1808,2,8,5,0,2,1
919,1,17,4,1,1,0
1772,2,13,1,0,4,1
1963,1,11,2,0,0,0
809,1,14,2,1,1,0
1272,2,20,4,3,1,0
1862,2,4,2,4,2,0
1443,1,20,3,2,4,0
386,2,15,6,1,0,0
1999,2,13,1,6,4,1
769,2,1,3,6,0,0
997,2,14,4,0,6,0
1099,2,6,3,1,0,1
110,2,5,6,0,2,0
62,1,19,4,3,0,0
1468,1,1,1,2,3,1
1502,1,3,3,4,0,0
1089,1,19,5,0,6,0
1976,1,19,1,4,3,0
1243,1,6,3,4,4,1
821,1,1,1,1,6,0
1552,1,12,1,2,0,1
252,2,19,5,6,0,0
1615,1,10,1,3,0,0
965,2,15,3,2,0,0
1319,2,2,3,3,4,0
199,2,3,5,1,0,0
1853,2,8,5,3,0,1
1308,2,1,2,2,0,1
595,2,17,3,6,0,0
1783,1,3,2,0,0,0
1191,2,5,4,0,3,0
180,1,7,6,4,0,0
787,2,20,3,4,1,0
1981,2,15,5,3,0,1
1380,1,15,2,6,0,1
1011,2,9,4,0,0,0
1986,2,3,6,2,1,0
430,1,11,5,6,2,1
314,2,2,6,1,0,1
697,2,4,4,2,1,1
1323,1,8,5,4,4,0
21,1,5,5,3,4,1
206,1,19,4,6,2,1
557,2,9,5,4,2,0
1967,1,18,3,3,0,1
1320,2,10,2,2,4,0
181,2,16,5,4,3,0
166,2,17,4,0,0,0
263,2,14,6,3,0,0
1114,1,6,2,4,3,0
1117,2,16,4,2,6,1
1018,1,1,2,6,0,1
1248,2,11,4,0,0,0
935,2,18,5,2,2,0
222,1,9,3,6,2,0
1846,2,15,6,1,6,0
1758,1,15,4,0,1,0
847,1,16,2,6,0,0
511,1,11,6,0,6,1
194,1,20,6,1,1,0
805,1,9,5,1,0,0
94,1,15,6,0,0,1
229,2,17,4,0,0,0
777,1,13,5,3,3,1
1182,1,5,4,2,0,0
1450,1,1,6,0,1,1
427,2,20,2,0,1,0
1911,2,11,3,0,1,1
1360,2,6,4,3,3,0
392,2,1,6,3,6,1
387,2,1,3,4,6,0
1158,2,12,3,4,2,0
581,1,9,1,3,0,0
365,2,13,5,4,4,0
1218,1,8,6,4,0,1
1049,1,14,6,0,2,1
1860,1,16,4,0,4,1
567,2,10,3,1,6,0
1025,2,12,3,6,0,1
17,1,15,2,0,4,1
453,2,9,6,2,3,1
1,1,9,4,4,2,1
1966,2,11,3,4,6,1
1178,2,11,1,0,3,1
1777,1,11,4,1,3,0
131,1,3,1,0,0,0
278,2,19,6,4,2,0
1970,2,11,4,3,0,1
1186,2,19,1,1,0,1
93,1,1,4,3,1,1
717,1,17,6,0,3,1
1854,2,3,5,4,0,0
1257,2,11,6,0,3,0
1732,2,17,6,3,3,0
680,1,8,1,0,2,1
115,1,11,2,2,6,0
34,2,5,5,0,6,0
829,2,14,5,4,6,1
228,1,6,1,0,0,1
593,2,4,6,0,4,0
1605,1,19,1,2,6,1
1704,2,4,6,0,0,1
597,1,14,2,6,1,0
1657,1,8,6,6,4,0
1336,2,2,1,6,6,0
1435,2,17,6,6,1,1
1231,2,11,2,2,0,0
607,1,14,3,0,6,1
1991,2,14,6,3,0,0
153,1,3,5,0,2,0
993,2,16,6,2,6,0
1058,1,10,5,0,0,1
1139,2,17,2,4,4,0
765,2,8,6,6,0,0
1165,2,5,2,0,0,1
358,2,1,3,6,0,1
829,1,10,1,1,4,0
1735,1,19,2,2,6,0
1091,2,11,6,6,0,0
406,1,11,3,4,4,0
1911,2,16,3,4,0,1
261,2,5,1,6,6,1
672,2,12,4,6,6,1
1697,1,18,6,0,4,0
943,1,15,3,0,2,0
199,1,11,3,6,6,0
821,2,8,3,3,0,1
506,1,1,5,4,2,0
886,1,17,4,3,0,0
243,1,13,4,0,2,0
603,2,1,6,4,4,0
532,2,5,5,0,0,0
1339,2,18,1,2,0,0
897,1,6,2,0,6,0
1226,1,6,6,1,0,0
1051,1,7,1,0,2,1
1963,1,16,1,4,0,0
1846,2,19,4,0,6,0
395,2,18,1,6,6,1
183,1,11,2,1,3,0
842,1,13,3,1,4,0
196,1,10,5,4,4,0
632,1,11,2,2,0,0
1869,2,16,2,0,1,0
243,2,6,6,4,6,0
1504,2,4,3,6,2,0
368,2,19,1,3,1,1
1294,1,10,2,1,0,0
313,1,6,1,0,3,1
1501,2,16,5,6,0,0
1148,2,1,5,1,0,1
659,2,10,4,1,4,0
84,1,9,2,0,4,1
664,2,7,4,2,4,1
341,1,5,4,1,2,1
566,2,4,3,6,6,1
99,2,13,5,6,0,0
75,2,19,2,3,0,0
143,2,12,5,0,1,1
376,1,4,3,6,2,0
417,1,4,5,6,4,0
661,1,10,2,2,1,1
354,2,15,5,0,4,1
352,1,5,5,1,0,0
866,1,1,4,1,1,0
992,1,12,6,3,2,1
1029,1,18,6,0,6,0
1810,2,10,3,0,1,0
198,2,6,3,0,2,0
1215,2,2,6,2,0,0
1715,1,15,4,3,1,0
532,2,9,6,3,3,0
1381,1,17,5,2,3,0
1191,1,7,1,0,0,0
1455,2,4,2,6,4,1
915,1,17,5,6,2,0
757,2,13,6,2,6,0
1592,2,15,2,0,4,0
1159,1,17,6,0,3,0
1607,1,20,6,1,1,1
1528,2,1,6,0,0,1
1416,2,20,6,3,4,0
10,1,1,3,0,2,0
4,1,5,5,0,1,0
1810,1,3,3,0,1,0
1751,2,7,5,3,4,1
1940,2,7,4,1,2,0
1095,2,1,5,1,1,0
1411,1,13,3,6,2,0
1276,1,9,5,6,6,1
1067,1,16,1,0,2,0
1702,1,17,4,4,3,1
801,2,8,2,6,1,1
1865,2,4,3,1,6,0
1395,2,16,3,1,4,0
755,2,13,4,2,0,1
1167,2,4,4,0,4,1
726,1,5,5,3,0,0
986,2,4,1,6,6,0
1124,2,11,4,4,0,0
1648,2,6,3,0,0,0
1814,2,5,1,0,3,1
469,2,7,2,0,0,1
1689,2,20,1,1,3,1
426,1,1,1,1,0,1
1281,1,14,6,0,6,1
1124,1,6,5,6,1,0
1096,2,11,2,1,1,0
409,1,7,6,0,0,1
803,2,19,3,0,3,0
396,1,20,6,2,1,1
270,1,15,6,4,1,1
1773,2,16,1,6,0,0
951,2,10,2,3,3,1
1932,2,6,5,1,0,0
1962,2,12,6,3,4,0
1081,2,12,5,3,4,0
1982,2,2,5,2,0,1
1393,2,20,5,3,0,1
1472,1,2,1,4,0,1
813,1,19,3,6,3,1
994,2,17,5,6,1,0
944,2,19,2,3,6,0
1320,2,15,1,2,1,0
1883,2,11,4,1,0,1
727,1,10,6,0,1,0
1843,1,19,5,4,1,0
1057,2,6,5,0,0,1
1205,1,12,1,3,0,0
1733,1,17,4,0,2,0
878,1,15,3,2,1,0
202,1,9,3,0,4,0
336,1,9,3,6,0,0
65,1,3,4,0,1,0
1977,1,5,4,6,3,0
73,2,7,4,3,0,1
1440,2,18,3,0,2,0
990,2,5,3,6,0,1
1903,2,10,3,0,6,1
963,2,14,5,6,2,1
1654,1,7,4,0,0,0
1259,1,6,5,0,3,1
1833,2,15,2,6,0,1
1959,1,6,4,0,2,0
558,2,4,5,0,3,1
360,2,8,6,6,6,1
398,2,18,5,0,2,1
1815,2,20,1,3,6,0
1564,1,13,4,1,0,0
503,2,3,5,0,3,0
811,1,18,4,3,6,0
1607,2,10,1,0,4,0
291,1,3,3,4,0,0
60,2,10,1,3,6,0
1607,1,4,5,4,0,0
1970,2,7,2,0,1,0
1117,2,19,5,2,4,1
733,2,10,3,3,6,1
260,2,20,5,1,0,1
1549,2,9,4,4,2,1
1614,2,8,4,6,3,0
29,2,6,6,1,1,0
55,2,2,2,0,0,0
88,1,16,2,1,4,1
1178,1,18,6,1,0,1
427,2,16,6,3,2,0
1766,1,8,2,2,1,1
320,1,17,3,2,6,0
1247,2,16,6,1,0,0
1031,2,12,1,0,3,0
636,2,12,5,3,0,0
1391,2,2,4,3,4,0
483,2,8,3,0,1,0
25,2,3,6,4,6,0
72,1,16,3,3,1,1
808,2,7,5,2,1,0
715,1,3,4,0,0,0
407,2,10,6,1,1,0
41,2,20,1,0,3,0
1937,2,18,2,3,1,0
1736,1,8,2,3,3,0
968,2,13,1,2,1,1
337,2,7,1,4,3,1
640,2,18,6,6,1,1
1080,1,14,6,6,1,1
441,1,10,2,2,1,0
139,2,12,5,6,6,0
1340,1,6,3,0,2,0
1063,1,17,5,0,1,0
601,1,6,5,2,0,0
1022,2,19,2,2,0,0
1708,2,12,2,0,6,1
1681,1,7,5,0,2,1
1845,2,14,2,3,2,0
1255,2,16,6,2,6,0
347,1,20,1,3,6,1
1630,1,10,4,0,1,1
167,2,13,4,1,3,0
210,2,9,6,1,0,0
973,2,13,5,0,3,0
861,2,8,6,1,1,0
1568,1,10,2,0,2,0
1364,2,20,2,2,6,0
1132,2,5,2,0,1,1
1300,2,15,2,3,1,0
1840,1,3,3,2,0,0
893,2,7,3,4,0,0
162,2,18,4,3,2,0
252,1,6,4,6,4,0
1302,1,9,3,6,3,0
1270,1,3,4,2,2,1
1275,2,2,1,4,1,0
1627,1,11,3,1,0,0
1315,2,16,2,6,6,0
459,1,19,6,0,0,0
1685,1,20,1,2,4,0
1761,1,20,1,2,3,0
1317,2,17,2,2,4,0
1706,2,13,4,3,3,1
945,2,11,2,4,1,0
681,1,1,5,2,0,0
379,2,10,5,3,3,0
731,2,14,4,3,4,0
741,1,5,1,1,2,0
439,1,11,6,4,3,1
1248,1,5,3,1,2,0
1786,2,13,3,0,6,1
1682,1,16,6,1,0,0
950,2,9,4,2,3,0
1787,1,4,2,2,0,1
929,2,8,4,1,1,1
1115,2,11,3,0,0,0
220,1,8,1,6,2,0
1270,2,10,6,1,3,0
1082,1,8,5,1,0,1
1523,1,9,6,0,3,0
1264,1,1,6,4,1,0
456,1,13,5,4,0,1
1717,2,4,1,4,4,0
936,2,7,1,0,0,0
548,1,6,2,0,3,1
1881,2,6,1,6,6,0
1433,1,3,5,0,2,0
1581,2,15,1,6,0,1
931,2,9,4,2,3,0
1672,2,1,2,3,3,1
1593,2,13,5,6,4,1
1828,1,15,3,3,1,0
678,2,20,5,0,4,0
1382,1,1,2,0,4,1
1335,2,9,5,6,2,0
1951,2,13,6,6,4,0
1463,1,4,5,3,6,0
471,2,11,6,1,1,0
1340,2,9,2,1,6,0
465,2,20,4,3,4,0
1319,2,17,6,2,0,0
1641,1,15,1,0,0,1
1103,1,8,4,6,1,1
1284,2,4,2,3,6,1
320,2,10,1,2,1,0
1363,2,4,1,3,0,0
98,2,7,6,0,0,0
524,1,8,1,0,4,0
1234,2,8,2,1,4,1
1814,1,3,2,4,6,0
1076,1,16,6,2,6,1
1812,2,5,6,6,2,0
297,2,7,5,0,4,0
985,1,12,2,1,2,0
920,1,10,1,4,4,1
714,1,6,6,4,2,0
1787,2,14,3,2,6,0
380,2,5,6,0,2,0
50,2,4,2,3,2,1
1550,1,16,4,6,3,0
1855,1,10,5,2,0,1
1273,2,7,3,2,0,0
1553,1,3,3,3,3,0
1221,1,18,5,2,2,0
1346,1,10,6,2,3,0
1020,1,11,4,3,4,1
1422,2,20,3,4,4,0
1045,2,3,4,0,0,0
1007,2,2,4,6,4,1
835,2,1,6,1,0,1
330,2,11,2,3,0,0
69,1,11,1,2,4,0
215,1,7,1,1,0,1
1630,2,12,2,1,4,0
1065,2,1,3,6,0,1
1534,2,14,3,1,1,0
674,2,14,2,1,1,0
792,1,8,6,3,0,0
173,2,7,1,6,4,0
1682,2,18,5,3,0,0
1077,2,16,3,1,0,1
1746,2,15,4,2,2,0
160,2,16,6,1,1,1
393,2,12,3,0,0,1
1265,1,12,3,1,2,1
95,2,16,3,0,6,0
513,1,2,4,2,0,0
284,2,18,4,2,0,0
1404,1,11,2,3,0,1
1201,1,6,3,3,6,0
1555,1,20,2,0,6,0
982,1,2,5,4,0,0
236,2,10,4,3,0,1
828,1,18,5,4,3,0
146,1,11,4,0,1,0
300,2,10,2,0,1,0
1537,2,16,2,6,4,1
64,2,8,2,4,3,0
1812,1,12,3,2,4,0
964,1,6,6,0,4,1
1062,2,4,5,2,0,1
1231,1,2,3,0,0,1
1532,1,2,5,0,4,0
1012,1,1,5,2,1,0
633,2,12,2,2,0,0
1580,2,17,1,6,0,0
1233,1,19,6,1,3,1
1769,2,9,4,6,0,0
272,1,13,6,0,1,1
128,2,17,5,4,3,1
1554,1,13,5,1,4,1
1595,2,16,4,2,4,0
809,1,8,2,6,0,0
1460,2,7,5,3,4,0
383,2,2,3,6,1,0
1708,2,18,4,6,3,0
1462,2,1,4,0,0,0
1780,1,12,5,6,3,1
1180,2,3,5,4,3,0
1551,2,7,5,6,2,0
1086,1,16,2,2,6,0
327,2,10,1,3,2,1
882,2,17,5,0,2,1
1575,1,13,2,0,4,0
988,2,12,3,3,0,1
1854,1,8,2,6,3,0
876,1,9,3,6,1,0
1407,1,19,2,3,4,0
1802,1,3,4,3,1,1
1196,2,11,6,0,6,1
253,2,2,2,0,3,0
222,2,10,2,3,0,0
985,1,11,4,3,3,0
142,1,1,1,6,0,1
346,1,14,4,2,0,1
488,2,15,1,3,4,0
1769,2,1,2,2,0,0
62,1,6,3,6,1,0
1471,2,7,2,0,3,1
59,2,6,1,6,3,1
1681,2,2,3,3,4,1
71,2,20,3,0,3,0
1913,1,12,6,2,2,0
94,1,13,1,6,6,0
1136,2,14,2,0,3,1
1246,1,2,6,0,3,0
1032,2,14,2,2,2,0
1838,2,16,2,0,3,1
546,2,20,6,2,0,0
1728,2,15,3,6,0,0
465,1,13,5,1,1,0
1726,1,16,1,1,2,0
1917,2,1,2,6,6,0
700,1,12,6,2,1,0
1115,1,9,5,6,4,0
1834,2,5,6,2,0,0
1577,1,1,1,2,6,0
1406,2,14,1,2,1,0
1305,2,13,4,0,2,1
1429,2,20,6,0,3,0
488,2,1,5,1,0,0
512,2,8,5,3,1,0
1583,2,19,2,0,2,1
110,2,5,6,0,3,0
766,1,8,3,4,6,0
1336,1,5,2,0,1,0
84,1,6,2,3,4,1
1977,1,15,4,6,3,1
71,1,17,5,0,3,0
218,2,13,5,0,1,1
1044,1,18,2,3,0,1
273,1,17,3,1,2,0
622,2,12,5,1,3,0
1363,2,14,5,0,0,0
1830,2,19,5,6,3,1
742,2,4,1,2,2,1
1287,2,4,6,4,6,1
1013,1,11,4,4,1,0
828,1,17,6,1,1,0
153,2,17,4,0,2,0
763,2,19,6,0,4,0
1707,2,20,3,4,1,0
1200,2,16,4,4,0,0
1724,2,15,1,0,2,1
1685,1,3,4,2,6,0
1227,1,12,1,1,6,0
424,2,4,4,2,6,1
1958,1,15,4,6,3,1
585,1,1,6,3,0,0
220,1,5,6,1,6,0
134,1,10,6,1,0,0
1307,2,14,6,1,4,0
1971,2,11,3,0,1,0
973,1,14,6,6,2,1
1687,1,13,6,2,2,0
1635,1,10,1,3,1,1
648,2,17,5,0,0,0
1160,2,7,5,3,0,0
1928,1,5,1,4,0,1
959,1,8,1,3,3,0
442,2,4,2,2,1,0
1381,2,5,5,3,6,0
742,2,6,3,6,6,0
1328,1,6,4,1,6,0
588,1,18,2,3,3,1
1406,1,4,3,6,4,1
83,2,6,5,0,1,0
1494,2,10,6,4,3,1
313,2,11,6,0,3,0
918,2,3,5,3,2,0
627,2,20,5,3,6,0
591,2,6,2,3,1,0
332,2,12,1,0,6,1
139,2,4,5,0,4,0
73,2,5,6,3,1,0
1787,1,8,2,0,0,0
258,2,11,6,6,4,1
544,2,7,6,6,4,0
918,2,10,1,0,2,0
1067,1,9,5,6,3,0
326,2,9,2,3,1,0
1792,1,20,1,2,2,0
470,2,17,3,0,3,0
604,1,13,6,6,6,0
1484,1,8,1,1,4,0
1357,1,13,5,4,6,1
971,2,10,6,2,0,0
1548,1,7,2,1,3,1
1463,1,9,3,6,0,1
861,1,17,3,2,6,0
1599,1,11,4,1,4,1
252,2,14,1,3,6,0
1212,2,20,1,2,0,1
408,1,1,5,0,4,1
1581,2,20,3,0,6,0
1500,1,9,4,3,2,0
1270,1,10,5,0,3,0
90,2,5,1,3,4,0
1617,1,2,1,0,6,0
691,1,20,3,4,4,0
102,2,9,5,0,0,0
133,1,5,5,0,6,1
1280,1,14,3,0,3,0
634,2,14,5,2,2,0
462,1,14,5,1,0,1
1961,1,20,5,1,2,1
806,1,5,6,0,6,0
649,2,19,5,3,1,0
585,2,5,2,4,6,1
877,2,15,5,0,4,0
1913,1,1,1,6,0,0
1312,2,18,1,2,4,0
1982,1,16,3,2,0,1
800,1,9,1,3,0,0
369,2,20,5,4,4,0
1732,1,8,1,0,0,0
682,2,17,4,6,1,1
170,2,2,1,2,2,0
671,1,12,1,4,1,1
831,1,1,4,4,0,1
622,2,5,2,3,6,0
1410,1,10,1,2,6,0
1234,1,20,2,1,3,1
948,1,4,1,0,3,1
254,1,6,3,3,6,0
59,1,16,1,3,6,0
246,2,16,4,1,6,0
547,1,4,6,2,0,1
1584,2,18,4,2,6,0
1428,2,4,3,1,3,1
98,1,15,1,6,2,0
229,2,14,1,3,3,0
706,1,4,6,6,0,0
106,1,1,4,0,0,0
1998,2,6,2,3,3,0
121,1,3,4,0,3,0
1655,2,13,5,6,0,0
1771,2,11,5,3,0,1
1048,2,20,3,4,3,0
1659,1,6,3,3,1,0
123,2,14,1,6,0,0
1089,1,6,4,6,1,0
584,1,16,5,2,4,0
1604,1,2,6,3,0,1
644,1,7,2,3,6,1
113,1,4,3,2,1,0
1805,1,8,3,3,2,0
919,2,9,2,0,6,0
244,2,6,1,6,2,1
1786,1,10,3,0,0,0
1870,1,20,1,3,3,1
155,1,19,3,0,0,1
1353,2,6,6,3,1,0
1456,1,16,4,2,2,0
1623,2,16,5,3,2,0
626,1,10,4,3,3,1
1422,2,5,5,0,6,0
222,1,20,6,0,6,0
1582,1,13,4,1,2,1
909,1,20,5,3,6,0
378,1,20,6,6,0,0
1873,2,14,1,1,6,0
1283,1,5,5,3,0,1
1342,1,19,1,6,2,0
1082,1,8,6,0,6,0
1396,1,15,4,0,3,0
1708,1,6,3,2,6,0
809,2,5,1,2,0,0
460,2,16,3,4,2,0
1756,2,14,5,1,6,0
627,1,17,1,2,0,0
1370,1,4,4,4,6,0
278,1,18,6,3,2,0
1234,2,10,4,4,0,0
616,1,9,3,0,0,0
876,1,18,4,2,6,0
1798,2,15,2,0,0,0
574,2,16,1,3,0,1
788,2,11,6,2,1,1
654,2,5,4,6,6,0
1255,2,7,4,2,2,0
1409,1,19,1,1,0,1
1819,1,15,6,0,2,0
576,2,17,1,2,3,0
623,2,9,5,0,4,0
159,2,19,5,2,0,1
1380,2,17,3,0,3,1
262,2,12,1,4,1,0
927,1,7,3,3,4,0
1775,2,15,3,0,0,1
868,1,14,6,2,6,1
907,2,15,4,6,0,1
1453,2,13,6,3,4,1
1188,1,6,3,6,1,0
653,1,17,2,3,4,1
563,1,19,2,0,1,1
1925,2,5,4,0,4,0
901,1,15,2,0,2,1
690,1,13,4,6,2,1
567,2,14,2,3,1,0
1848,2,17,3,0,0,0
1385,2,6,1,0,2,1
1540,2,20,1,0,2,0
1313,1,7,6,4,4,0
1734,1,15,4,6,6,0
444,2,13,3,3,4,0
595,2,7,6,4,4,0
1814,1,2,3,4,3,1
1551,1,9,3,3,0,0
356,1,9,4,0,0,0
221,1,7,1,2,2,0
473,1,13,5,1,0,1
1779,1,15,3,1,1,0
1737,1,11,6,0,1,1
879,1,18,6,6,0,0
1534,1,16,1,0,1,0
350,2,1,6,0,0,0
392,1,2,5,0,6,1
775,2,5,4,2,0,1
344,1,12,3,4,4,0
283,1,10,4,0,6,1
316,2,15,2,3,6,0
150,2,11,5,6,6,1
220,1,12,3,0,1,0
336,1,20,6,6,0,1
148,2,16,1,4,6,0
308,2,16,5,0,0,0
1191,2,7,6,6,4,1
972,1,3,3,1,2,1
1063,2,6,4,1,3,0
207,2,15,3,6,6,0
687,1,20,4,1,1,0
1125,1,6,6,0,2,0
1728,1,7,4,3,2,1
1487,2,9,4,0,1,0
1931,1,18,4,3,6,0
614,2,2,1,2,2,0
416,1,8,4,6,2,0
1261,1,19,1,0,0,0
1004,2,18,3,1,0,0
549,2,7,2,0,1,0
487,2,2,4,6,6,0
405,2,17,4,0,1,0
15,1,8,1,6,2,0
397,2,10,1,1,3,0
399,1,5,2,2,6,0
233,1,1,5,0,3,1
568,2,14,4,0,6,0
1382,2,19,1,0,0,0
1990,1,5,3,3,0,0
1383,2,8,4,1,6,1
1616,2,19,2,4,3,0
1287,2,10,6,3,4,0
1032,1,9,6,3,2,0
255,2,14,3,2,3,1
1187,2,9,2,6,6,0
543,2,4,6,0,0,0
618,2,11,5,1,3,1
1723,2,20,3,4,4,1
1367,2,8,6,3,3,1
1035,1,5,3,0,1,1
761,2,14,6,0,6,0
1221,2,12,2,0,2,1
1753,1,17,3,0,0,0
1862,1,20,2,3,4,0
1294,1,15,4,1,6,1
448,2,4,2,3,0,0
1061,2,10,6,4,3,1
1269,1,17,1,2,6,0
1211,2,19,1,0,0,1
891,1,15,6,6,3,1
170,2,18,4,3,4,0
180,2,19,2,3,2,0
1040,1,1,6,3,6,1
1167,1,3,6,4,2,0
557,1,16,6,2,2,1
1119,1,15,1,6,0,1
1573,1,10,1,4,1,1
1532,1,4,4,3,3,0
966,1,18,2,4,3,0
1844,1,7,2,1,4,0
134,2,2,1,4,1,1
568,1,7,2,4,0,0
196,2,16,2,0,4,1
1676,1,20,1,1,4,1
1914,2,13,2,2,0,1
1804,1,13,4,1,3,0
1296,1,19,2,6,3,0
1478,1,5,3,1,3,1
1509,1,6,3,4,1,1
266,1,3,6,2,3,0
808,2,8,1,6,6,0
450,2,20,3,3,3,0
1977,2,19,2,4,0,0
865,1,5,4,0,3,0
141,2,10,1,4,6,0
1080,2,18,1,2,0,0
58,2,12,5,1,0,0
1187,1,15,1,2,6,0
541,2,12,6,2,4,0
441,2,10,6,3,3,0
1692,1,18,3,0,3,0
674,1,12,6,0,3,0
193,1,1,5,4,0,0
260,2,15,4,3,0,0
198,1,15,5,0,0,0
1852,2,12,3,3,4,1
1256,1,16,3,6,1,1
1488,2,7,5,4,4,0
1522,1,7,4,1,4,1
918,2,9,5,3,2,1
413,1,8,6,3,6,1
245,1,11,2,4,0,1
833,2,1,2,1,4,1
575,1,7,5,0,1,0
1285,1,13,3,3,6,1
1760,1,5,5,1,6,0
193,1,20,2,1,2,0
45,2,16,4,2,1,0
299,1,18,4,3,1,0
898,2,18,6,0,6,0
779,1,13,4,0,1,0
876,2,10,4,6,6,1
1279,1,7,1,3,2,0
839,1,9,3,2,0,1
1205,2,1,4,0,3,0
1216,2,1,5,0,0,0
455,1,7,3,0,0,0
29,1,12,1,0,4,0
1856,2,2,2,1,0,0
97,2,14,5,6,0,1
726,2,6,5,0,4,1
482,2,6,2,0,4,1
971,1,2,6,0,2,0
1340,2,12,3,6,0,1
828,2,5,4,0,0,1
740,1,14,2,2,4,0
1146,2,1,5,6,4,1
1453,1,7,4,1,4,1
166,2,10,5,2,2,0
1359,2,10,2,2,2,0
1808,2,9,1,3,6,1
761,1,2,4,2,3,1
1979,2,4,2,0,4,0
646,2,2,2,0,0,0
1689,1,11,5,3,2,1
520,2,19,1,3,3,0
1240,2,11,1,1,0,1
1399,1,9,3,4,4,1
862,1,2,4,2,0,1
512,1,2,1,3,2,0
358,1,3,1,3,4,0
920,2,19,1,1,3,0
262,1,12,4,0,1,0
241,1,7,2,2,4,0
211,2,16,2,6,4,1
711,1,9,1,0,0,0
516,2,1,2,6,2,1
841,1,15,3,2,4,0
1028,2,17,6,2,3,0
1724,1,13,6,0,6,0
1646,2,14,2,4,6,1
1122,2,6,3,1,1,0
299,2,15,3,1,0,0
1973,1,8,5,0,0,1
1736,2,10,2,1,2,0
1451,1,14,3,3,0,1
466,1,1,4,0,6,0
533,1,1,4,6,4,1
1082,2,1,5,0,1,0
148,2,13,2,4,1,0
162,2,5,4,1,4,1
1897,2,9,1,0,3,1
114,1,3,6,3,0,0
672,1,17,3,2,3,0
1928,1,8,6,0,1,0
931,1,3,4,4,0,1
1051,1,2,4,4,2,1
1497,2,12,1,0,0,0
1921,2,7,2,1,0,0
203,2,1,3,0,6,0
690,1,10,4,4,2,0
308,2,12,3,4,4,1
1960,1,7,1,2,2,0
1676,2,2,2,0,0,0
780,2,2,3,6,1,1
428,2,5,4,4,6,0
1892,2,20,4,0,4,1
1961,2,6,6,0,0,0
376,1,9,6,6,0,0
72,1,15,6,6,0,0
328,2,8,1,2,0,1
143,1,3,1,0,1,1
727,1,15,2,3,0,1
1298,1,19,4,0,6,0
510,2,18,1,2,0,0
938,2,5,3,0,4,0
1519,2,11,5,0,2,0
706,1,20,1,0,4,0
824,2,9,3,6,3,0
1903,2,14,3,1,4,0
637,2,17,1,2,0,0
1521,2,12,2,3,0,0
1717,1,6,2,0,4,1
1142,2,18,5,1,1,0
1130,1,18,6,6,3,1
185,2,11,1,4,0,0
171,2,9,2,3,1,0
1926,2,3,5,3,1,1
490,2,5,3,0,0,0
1581,2,2,1,0,1,0
1651,1,6,2,3,6,0
559,2,12,4,3,0,0
414,2,5,4,0,1,1
814,2,13,1,1,0,1
1202,1,16,3,6,0,1
518,2,9,2,6,0,0
1714,1,16,6,0,4,0
72,2,17,1,6,0,0
1581,1,10,2,6,4,0
917,2,15,4,6,6,0
1280,2,5,5,1,0,1
1336,2,3,1,1,0,0
1139,1,2,2,3,0,0
868,1,10,1,4,3,1
671,2,18,1,4,4,0
100,2,18,3,1,1,0
1458,1,17,5,4,2,1
1105,1,18,1,0,0,1
627,1,5,6,4,0,0
128,2,6,5,1,6,0
164,1,3,6,4,1,0
982,1,10,3,2,0,1
814,2,19,4,3,0,0
538,1,2,6,6,4,1
1249,2,8,2,6,1,0
1560,1,15,3,1,0,0
815,1,3,5,1,0,1
1601,1,2,1,6,4,0
1494,2,19,5,0,1,0
1860,2,5,5,6,3,0
828,1,19,6,3,0,0
1203,2,14,6,0,2,0
1456,1,4,1,0,0,0
520,2,13,1,1,1,0
117,1,13,3,6,3,0
1126,2,5,3,0,3,0
1445,2,19,3,1,3,0
1914,2,15,3,1,1,0
786,2,6,2,0,1,0
1876,2,20,3,1,2,0
1223,2,2,3,4,3,1
526,1,7,4,3,3,0
311,2,8,3,4,4,1
187,2,9,1,2,3,0
118,1,4,2,6,6,0
63,2,5,6,3,3,0
954,2,13,3,2,0,0
69,2,6,4,1,1,1
951,2,15,2,2,2,0
1809,2,6,1,0,2,1
284,1,4,3,2,0,1
629,2,20,4,6,6,0
927,2,11,1,1,0,0
942,2,13,2,0,3,0
1021,1,2,3,1,4,0
1412,2,11,4,4,1,0
179,1,13,2,2,6,1
1856,2,13,3,0,1,0
524,1,6,5,6,1,1
369,1,15,1,0,2,1
945,2,6,2,0,1,1
1432,2,14,2,0,1,0
1592,2,16,6,2,0,0
758,1,20,3,4,1,0
904,1,10,6,0,6,0
1760,1,6,3,2,0,0
1386,2,4,5,4,2,1
1016,2,7,5,4,0,1
657,2,20,5,3,6,0
1778,1,6,2,3,6,0
1418,2,10,2,4,3,0
122,2,16,3,6,1,1
1289,2,10,3,0,2,1
227,2,6,5,2,1,0
569,2,12,3,0,0,1
1266,2,13,4,3,0,0
793,2,9,1,1,1,0
2,1,16,3,3,0,0
538,1,6,2,4,2,1
641,1,7,5,6,2,0
1225,2,10,1,6,0,0
1402,2,6,6,0,1,0
196,2,4,3,3,0,0
1451,1,19,5,4,1,1
1140,1,5,2,2,2,0
743,1,10,1,0,6,1
1916,1,1,4,0,6,1
95,1,8,1,0,6,0
914,2,9,2,3,1,0
1036,2,13,3,6,1,0
1372,1,19,5,0,0,1
1246,1,3,6,1,2,1
579,1,2,3,2,3,0
217,2,7,6,6,4,0
770,2,9,1,0,1,0
561,1,7,2,6,2,0
1768,1,9,1,0,1,1
1240,1,4,4,3,4,1
554,2,1,2,0,0,0
1933,1,18,2,4,4,0
1183,2,7,1,2,6,0
1844,2,11,6,4,3,0
277,1,17,3,4,3,1
1053,1,10,2,3,0,1
1395,2,9,5,0,0,1
333,1,16,2,6,0,0
841,1,13,1,3,6,0
201,1,20,2,4,2,1
1221,1,2,1,1,1,0
748,2,15,1,2,1,0
1052,1,11,5,6,3,0
93,1,3,3,2,0,0
1093,2,19,4,2,6,0
1702,1,14,1,2,4,0
365,2,6,2,3,3,1
853,1,14,4,0,4,1
1159,1,12,5,0,1,1
1512,1,5,6,1,4,0
679,2,20,3,2,6,1
1126,2,10,1,2,2,0
259,1,14,2,6,0,0
1712,1,12,4,3,6,1
130,2,4,4,6,6,0
1948,1,13,6,3,1,1
1413,1,4,4,1,6,0
110,1,2,6,1,3,0
507,2,17,4,4,6,0
1359,2,10,6,1,0,0
1615,1,18,4,0,2,0
1344,1,15,3,6,4,1
969,1,9,5,3,3,0
1057,2,19,3,0,1,1
198,1,14,4,0,4,0
1531,2,16,1,0,4,0
1967,2,20,3,6,6,1
1956,2,14,1,0,0,1
397,2,19,4,1,0,0
677,2,17,3,2,3,1
756,2,9,4,2,2,0
1940,1,5,4,3,3,0
119,2,4,4,1,3,0
1346,1,5,4,4,3,0
1383,2,13,2,0,1,1
930,1,1,5,0,1,0
136,2,18,6,3,3,1
1218,1,11,4,0,3,0
1311,2,14,5,0,6,1
1657,2,1,4,2,2,0
1397,1,1,1,1,4,1
510,1,12,4,4,2,0
1971,2,15,5,2,1,1
1053,1,12,4,1,2,1
1547,1,13,1,3,4,1
94,2,1,3,0,0,1
25,2,4,6,0,4,0
452,2,4,2,1,4,0
385,1,2,5,2,4,0
350,2,4,1,0,1,0
746,2,8,3,2,2,1
28,1,17,3,1,3,0
439,1,9,6,0,4,1
1934,1,11,5,0,1,0
1809,2,14,4,2,0,0
1117,1,14,6,4,0,0
849,1,17,3,3,6,0
511,1,8,1,4,0,0
1913,2,9,3,1,2,1
1534,2,3,2,0,6,0
1433,2,16,2,4,0,0
1045,1,2,6,2,3,0
1295,2,6,3,6,0,1
1475,1,13,4,0,1,0
1725,1,7,1,3,0,0
722,2,14,4,2,3,0
1430,2,13,2,3,0,1
1851,2,12,4,6,4,1
861,2,4,4,0,4,1
330,1,15,4,0,0,0
98,1,9,2,0,3,0
352,1,16,2,6,2,1
258,2,2,5,2,1,0
1397,1,20,3,1,3,0
59,2,3,3,3,1,0
491,2,13,5,2,2,1
1819,1,3,1,1,0,1
759,2,7,1,0,0,1
1645,2,4,2,6,0,0
669,1,15,3,0,1,1
1973,2,18,2,2,6,0
1558,1,9,6,4,0,0
760,2,1,3,4,6,1
481,2,10,1,1,4,0
1814,1,8,5,3,2,1
62,1,17,4,2,4,1
595,2,5,5,0,0,1
284,1,19,6,2,6,1
1032,1,8,5,6,1,0
653,1,4,5,6,6,0
277,1,1,6,4,6,1
98,2,19,6,2,0,0
896,1,5,4,3,4,0
1152,1,17,1,0,4,1
1802,2,16,4,0,2,0
1741,1,18,5,3,6,0
1719,2,4,6,3,3,0
1874,2,20,1,2,6,0
1421,2,14,3,0,6,0
1594,1,12,5,0,6,0
1270,2,19,4,0,2,0
200,1,14,4,2,3,0
270,2,2,4,0,4,0
1082,1,19,2,4,4,1
1461,1,15,3,4,0,1
994,1,3,5,3,0,1
1681,2,17,1,2,6,0
398,1,6,5,2,4,0
1249,2,15,1,2,1,0
295,2,11,4,1,1,1
557,1,9,1,0,6,0
1185,2,3,5,4,3,0
938,2,20,3,3,1,0
164,2,19,1,1,0,1
84,1,15,2,4,1,0
848,1,4,2,6,6,1
386,1,12,2,1,2,0
1753,2,16,6,2,0,0
940,2,12,2,4,0,0
1403,1,4,2,1,2,0
960,2,14,2,0,6,0
443,1,11,2,1,2,0
505,2,4,6,6,0,0
831,2,3,4,4,4,0
286,2,20,2,1,0,0
1117,1,10,6,0,4,1
1767,2,20,4,6,3,0
391,1,1,1,3,6,1
1259,2,10,2,1,0,1
427,1,2,2,2,0,1
1339,1,1,6,0,0,1
1302,2,15,1,1,1,0
429,2,15,2,2,0,1
1876,2,15,4,4,1,0
1595,1,18,4,0,0,1
817,2,6,2,2,1,0
1054,2,3,1,1,0,0
1748,2,18,2,6,0,1
1203,1,10,1,3,0,0
1479,1,19,1,2,0,0
1975,2,9,3,4,1,0
1837,1,5,3,1,3,1
99,1,19,2,6,3,0
253,1,13,5,0,2,0
827,2,4,4,4,0,0
1545,2,3,5,3,0,0
1918,2,9,1,6,4,0
958,2,19,3,6,3,0
700,2,13,4,2,3,0
1199,1,3,5,1,4,1
1875,1,4,1,6,6,0
1534,2,2,1,0,0,0
1285,2,14,4,1,4,0
1635,1,18,2,3,0,0
240,1,8,6,1,1,1
159,1,19,4,3,4,0
1531,2,19,5,6,4,0
699,1,5,4,1,2,0
41,2,5,1,2,6,0
1137,2,11,5,6,1,0
782,1,10,5,0,3,1
437,2,13,3,3,0,1
309,1,12,1,4,1,1
1915,1,19,6,0,2,1
1182,1,2,1,1,1,0
1623,2,11,1,3,1,0
787,1,11,3,2,6,1
1538,1,4,6,2,0,0
335,2,4,1,4,4,1
78,2,2,6,0,4,1
265,2,10,5,1,0,0
1836,1,10,3,2,0,0
1741,2,10,5,0,0,0
1444,1,18,1,3,1,0
604,2,12,2,3,3,0
1640,2,3,2,6,3,0
1452,1,16,5,4,0,0
1714,2,16,5,1,0,0
1529,1,8,2,1,2,0
1420,2,19,6,0,6,1
668,2,15,3,4,1,1
1871,2,12,4,2,3,0
1914,1,7,6,0,2,1
1601,1,10,2,4,0,1
975,2,1,3,2,6,0
83,1,14,2,0,2,1
1689,2,1,3,1,0,0
647,2,13,1,4,4,1
636,2,5,2,6,0,0
965,2,3,6,4,0,0
684,1,10,2,0,0,0
772,2,4,4,4,6,1
899,2,10,6,0,0,1
208,1,12,6,0,6,0
124,2,18,6,0,1,1
1777,1,5,4,3,1,0
568,1,18,6,2,3,0
169,1,20,3,4,0,1
31,2,3,6,1,2,0
24,2,16,6,2,3,0
278,2,15,5,1,3,0
1227,2,7,4,2,3,1
532,1,20,4,4,0,1
1128,2,8,5,0,6,0
549,1,10,1,3,1,0
530,1,14,3,0,2,0
1621,1,7,5,0,3,1
763,2,1,2,4,3,1
290,2,4,5,1,1,1
1502,2,14,3,4,1,1
1802,2,2,4,2,1,1
314,2,13,5,2,0,0
1210,2,10,2,2,4,0
1869,2,2,4,3,1,0
1762,2,8,6,0,4,1
1766,1,2,5,2,3,0
51,2,3,2,1,3,1
770,2,12,4,0,6,0
429,1,14,5,1,4,0
105,2,17,3,0,2,0
327,1,19,3,1,0,1
171,2,17,5,1,4,0
777,2,2,3,0,0,0
1996,1,20,1,0,3,1
1776,1,10,2,6,3,1
1084,1,5,4,2,0,1
1517,2,3,2,0,0,0
283,2,6,1,3,0,0
1245,2,11,2,0,2,1
519,2,7,5,6,2,1
1072,2,10,5,0,2,1
240,2,3,2,3,2,0
664,2,20,1,0,0,1
1631,2,9,2,0,4,0
1373,2,10,4,0,2,0
240,1,11,1,0,1,1
152,2,15,6,3,1,0
1938,1,19,3,6,6,1
419,1,5,6,0,3,0
1746,1,9,3,1,1,0
303,2,5,5,0,3,0
772,2,19,6,0,0,0
759,1,18,5,3,1,0
1689,2,13,2,2,4,0
1242,1,19,4,3,0,1
394,1,15,6,0,2,0
389,2,10,6,6,3,1
524,2,13,5,4,0,0
1398,2,5,3,1,6,0
233,2,6,6,0,3,0
293,2,6,3,4,0,0
755,2,20,6,0,3,1
319,1,5,3,4,3,0
1513,2,15,4,4,0,1
15,1,12,4,2,0,0
283,1,1,5,4,3,1
934,1,18,5,1,0,1
1969,2,3,6,2,3,1
1761,1,7,5,0,4,0
1592,2,20,4,4,3,0
1807,2,14,2,3,0,0
139,1,20,6,0,6,0
813,2,6,4,3,0,0
1161,2,19,4,0,0,0
316,2,1,2,0,4,0
1051,1,1,3,2,3,0
1383,1,15,2,4,6,0
439,2,12,3,2,0,0
1335,1,3,5,6,4,0
164,2,7,6,1,4,0
342,1,12,3,3,1,1
1103,2,11,5,1,1,1
1763,2,12,1,2,3,1
1918,2,16,4,6,1,0
1769,2,20,6,6,3,0
1908,1,2,2,1,1,1
1256,1,10,4,3,1,1
251,2,3,5,3,0,1
1607,2,12,5,2,4,0
1375,2,19,4,2,4,1
894,1,7,2,6,3,1
1687,2,11,5,2,1,0
367,2,18,4,2,0,0
1710,1,6,4,4,0,0
1876,2,3,5,2,0,0
311,1,3,3,1,1,0
176,2,8,3,0,2,1
453,1,7,1,3,1,0
103,1,19,6,6,1,0
1588,2,15,5,4,3,0
1221,1,12,6,0,1,1
986,2,6,3,3,3,0
1621,2,17,4,1,2,0
320,2,5,6,0,2,0
16,2,19,6,1,4,0
1014,2,20,3,2,4,0
1332,1,7,3,0,0,1
777,1,15,3,0,0,0
1528,2,13,3,4,0,0
193,1,16,1,1,6,1
1415,1,3,5,6,4,1
1746,1,13,2,3,3,0
1428,1,5,2,6,0,0
582,2,19,3,0,1,0
967,1,12,4,4,3,0
514,1,13,1,4,0,1
495,1,20,5,0,0,0
350,1,19,4,4,0,0
274,1,1,4,3,1,1
51,2,16,2,4,2,1
1194,2,5,5,2,2,0
412,1,8,3,0,0,0
1686,2,13,3,0,6,0
968,2,18,4,0,1,0
664,2,13,3,2,4,0
543,1,16,6,0,0,1
1956,2,5,3,4,2,0
672,1,7,4,6,2,1
1446,2,4,6,0,2,1
246,2,18,6,1,0,1
669,2,11,4,3,2,1
423,1,18,3,0,3,1
1812,2,9,2,2,6,0
1103,1,13,2,3,0,1
1872,2,3,4,4,0,0
914,1,1,3,2,1,0
786,2,10,5,4,2,0
618,1,13,5,1,2,0
1186,1,18,2,2,0,0
1364,2,2,1,0,0,1
1016,1,8,3,0,0,1
240,2,18,2,2,4,0
165,2,3,3,2,2,0
1345,2,13,6,1,1,1
1515,2,19,6,2,6,0
1260,2,3,5,3,0,0
304,2,20,4,4,0,1
459,2,5,6,2,6,1
1255,2,12,6,0,3,1
246,2,1,5,0,6,0
902,2,15,6,0,2,0
742,2,9,6,4,1,0
1366,2,7,4,0,2,0
1277,2,10,1,1,4,1
217,2,14,3,2,1,0
1943,1,14,3,0,1,0
623,2,4,3,4,6,0
1664,2,9,2,0,4,1
515,1,13,6,3,6,0
1409,2,4,6,1,2,0
1192,2,2,1,1,0,0
1383,2,13,6,1,0,0
653,1,6,2,0,1,0
1441,1,5,6,0,1,1
1923,2,3,2,0,0,1
1725,2,16,6,0,3,0
641,1,10,5,2,0,0
1970,1,14,2,0,6,0
1543,2,13,1,6,4,0
914,1,8,4,3,0,0
1325,1,20,2,1,6,0
976,2,19,4,2,2,1
326,1,15,2,6,1,1
1640,2,12,6,0,4,0
979,2,3,2,1,6,1
438,1,7,5,6,0,0
114,2,15,6,3,0,0
1270,2,17,1,6,4,0
1523,2,10,5,1,0,0
1831,2,15,6,3,0,0
969,1,7,3,4,2,0
1088,2,7,4,0,0,0
1006,1,11,4,0,6,1
278,1,17,1,4,2,0
254,2,3,5,1,0,0
994,2,8,2,0,0,0
1475,1,17,2,2,0,1
527,1,17,3,0,0,1
723,2,6,1,6,4,0
93,2,12,6,0,3,1
1501,1,19,5,0,0,1
688,2,19,5,0,0,0
1825,2,13,1,2,1,0
1955,1,7,2,1,2,0
76,1,18,5,2,0,0
1472,2,6,2,0,6,0
1109,2,8,1,0,3,1
950,1,9,1,0,4,0
1550,1,17,6,0,0,1
1018,2,19,3,0,4,1
1969,1,8,6,0,0,0
446,2,20,3,3,0,0
834,2,2,3,6,4,0
1162,1,4,1,4,2,1
1501,1,19,6,0,0,1
221,2,12,5,0,0,0
759,2,2,1,3,3,0
228,2,12,2,2,6,0
503,2,8,3,6,3,0
1796,2,16,1,3,0,0
1850,2,20,3,0,4,0
1144,2,17,6,1,6,0
857,2,7,6,1,6,0
940,1,2,4,0,0,0
1960,2,5,1,3,3,0
1269,2,18,4,1,2,0
1580,2,18,5,6,0,1
1502,1,15,1,6,0,0
1697,2,4,4,0,3,0
919,2,9,6,0,0,0
1269,2,4,3,6,1,0
1113,2,18,3,2,2,1
1421,1,4,3,6,1,1
232,1,16,2,6,4,0
519,1,18,5,2,3,1
105,2,6,4,6,3,0
12,2,19,4,6,6,1
1238,2,7,6,3,6,0
130,1,3,1,3,6,1
1154,1,8,3,0,6,0
1169,2,1,4,0,4,0
1941,2,2,2,3,6,0
665,1,15,6,0,1,0
1778,1,18,1,4,4,0
211,2,1,3,4,0,0
205,1,6,5,6,0,0
1418,1,4,6,3,0,0
394,2,6,1,3,3,0
94,2,13,6,6,6,1
1604,1,3,5,1,4,0
270,1,7,5,2,0,0
1784,2,17,2,6,3,0
402,2,4,1,0,6,0
1325,1,3,4,2,0,1
1558,1,7,2,2,3,0
947,2,14,1,0,3,0
208,1,4,6,2,3,0
437,2,14,2,0,4,0
628,2,20,2,4,2,0
1463,2,6,2,2,0,1
1592,1,8,3,2,3,0
831,1,3,2,2,0,0
1860,1,13,6,1,0,0
475,2,18,5,3,1,1
1671,1,7,6,1,0,0
707,1,10,2,0,0,0
17,2,1,5,3,3,1
939,2,11,5,6,1,0
1371,1,3,5,6,1,0
1904,1,18,3,6,1,0
13,1,9,3,0,2,0
1770,1,15,5,4,0,0
894,1,1,4,0,2,0
1231,1,16,1,0,4,0
63,2,15,4,0,2,0
371,1,13,5,0,2,1
194,1,10,1,4,2,1
1040,1,1,6,6,1,1
802,2,7,1,0,3,0
539,2,2,6,0,2,0
93,2,19,5,1,0,1
237,2,13,5,4,4,0
1607,1,1,3,4,2,0
582,1,15,4,4,2,0
1753,2,16,1,0,1,1
297,2,11,2,1,0,0
1079,2,4,3,2,6,1
638,2,3,2,4,1,1
391,1,13,5,6,2,0
746,1,5,3,3,1,0
1608,2,11,2,1,1,1
396,1,19,1,3,4,0
1808,1,11,4,2,4,1
1630,2,14,2,6,0,1
724,1,8,6,6,4,0
1105,1,8,3,0,0,1
443,2,14,2,4,0,1
946,2,8,4,6,0,1
951,1,14,3,3,0,0
1678,2,10,2,1,0,1
612,1,11,2,0,4,1
1418,2,7,1,4,3,0
1381,1,4,2,0,1,1
449,1,10,1,4,0,0
676,1,7,5,1,1,0
1007,2,17,3,0,2,0
1592,1,19,3,0,1,0
1666,1,10,2,1,0,1
1567,2,2,5,4,2,1
1480,2,8,1,1,2,0
1753,2,11,3,0,3,0
1141,1,3,1,0,6,0
236,2,6,6,4,0,0
291,2,11,2,2,0,0
568,1,19,2,4,2,0
1054,2,1,5,4,6,1
1919,1,5,6,2,3,0
1571,2,18,1,2,2,0
1823,2,5,6,0,4,0
1416,2,4,5,0,2,0
1906,2,2,5,0,6,0
1823,2,3,1,6,1,1
1331,2,3,1,3,0,0
1050,2,9,5,0,0,0
1278,1,8,5,1,2,0
1524,2,6,3,3,0,1
1688,1,12,4,2,0,0
1603,2,17,6,0,2,1
444,1,17,3,6,4,1
1186,1,11,1,6,6,0
988,2,16,6,1,6,0
1754,2,13,4,2,0,0
1524,1,6,5,6,4,0
322,1,16,2,1,1,0
224,2,8,1,0,2,0
1024,2,20,5,2,4,0
249,1,13,2,6,0,0
1242,1,15,2,0,0,0
537,2,4,4,4,0,0
1493,2,8,3,4,0,0
1607,2,1,3,4,6,1
444,1,17,1,0,2,0
1310,1,4,6,4,0,0
1528,1,1,4,1,0,0
18,1,12,6,0,3,1
1389,2,3,3,1,0,1
1399,2,7,1,4,0,0
1313,2,17,4,1,0,0
693,1,8,1,1,0,1
836,1,18,6,0,0,0
355,2,2,2,1,4,0
1406,1,2,2,4,3,1
1047,1,3,6,0,0,0
168,2,15,6,4,0,0
1314,1,10,5,4,0,1
234,2,19,5,1,2,0
1645,2,8,4,6,0,0
481,2,2,1,0,1,0
1107,2,17,5,0,3,0
607,2,4,3,6,3,0
390,1,18,3,3,3,0
607,1,1,3,1,4,0
1116,1,8,1,1,2,0
1431,2,12,4,2,6,1
23,1,4,2,0,1,1
1401,2,10,3,2,1,1
1251,1,11,3,2,2,0
1036,1,17,6,0,0,1
1581,2,17,1,6,6,1
1092,2,12,4,2,0,0
545,1,4,3,4,2,1
462,2,3,3,4,0,0
777,2,4,2,4,4,0
1249,1,15,3,0,1,0
990,1,15,6,0,0,0
252,1,3,2,0,3,0
1729,2,6,6,6,0,1
1509,1,1,4,1,0,0
1917,2,8,1,6,0,0
349,1,6,1,0,0,0
801,2,11,4,6,0,0
1290,1,8,4,4,3,0
1109,2,13,2,2,3,0
278,2,2,1,1,4,0
783,1,13,3,1,0,0
614,2,4,5,1,4,0
1850,2,2,6,6,3,1
1355,2,3,6,0,4,1
297,2,7,5,1,3,1
779,1,6,6,6,3,1
128,2,12,5,6,1,0
1561,1,19,2,1,0,1
1802,2,5,1,6,2,0
391,2,18,3,3,0,0
839,1,4,3,6,6,1
1717,2,11,6,1,6,0
140,2,2,2,6,4,0
1717,1,10,3,0,0,0
95,1,5,2,2,3,1
1468,1,1,4,0,2,0
495,1,12,2,2,0,0
435,2,13,1,1,1,0
567,1,15,5,1,6,1
1973,1,13,1,1,0,1
1585,2,20,5,1,4,1
172,1,3,5,6,3,0
379,1,8,2,3,6,1
651,1,6,5,0,6,1
437,2,18,5,0,2,1
180,2,3,6,1,6,0
1805,1,2,5,3,6,1
1075,1,3,4,0,4,1
1659,2,20,5,1,6,0
394,1,16,2,4,0,1
1168,2,18,3,3,4,1
950,2,18,6,6,0,0
1679,2,8,4,6,3,0
436,2,10,2,1,2,1
1732,1,13,6,0,4,1
1069,2,16,4,2,1,0
711,1,20,3,1,3,0
385,2,5,2,4,6,1
1078,2,16,6,0,2,0
1571,2,4,6,3,2,0
1193,1,3,6,4,3,1
1129,1,9,5,4,2,0
1705,1,3,5,6,3,1
1487,2,16,5,3,6,1
454,1,19,2,0,4,0
321,1,4,6,6,6,1
47,1,20,4,1,0,0
432,2,4,2,3,4,0
377,1,20,5,2,4,0
1872,2,6,5,1,6,0
1515,1,1,4,2,1,0
1360,1,13,2,0,4,0
1457,2,11,5,1,0,1
1931,1,11,5,6,0,0
1736,2,17,5,0,4,0
285,2,20,1,0,4,0
1914,2,17,4,0,2,1
772,2,9,4,4,6,0
1261,2,3,4,4,4,1
1274,1,11,1,2,2,0
1784,2,4,4,6,2,0
526,2,1,1,3,1,0
1763,1,19,3,6,3,0
525,2,2,5,1,1,0
896,2,15,3,6,1,0
595,1,19,3,3,4,0
1745,1,6,1,3,4,1
1692,1,13,4,4,6,0
1357,2,12,1,0,0,1
1159,2,7,1,0,0,1
250,2,9,5,0,0,1
1506,1,4,3,2,0,0
1924,2,1,5,6,0,0
485,1,13,4,0,0,0
1049,2,2,2,0,4,1
414,2,15,6,4,1,1
959,2,18,3,1,6,0
581,2,11,5,0,4,0
397,2,17,3,0,2,1
1254,1,15,4,2,0,0
1102,1,20,6,6,0,0
1622,1,15,4,6,4,0
1272,1,5,3,1,3,1
1969,1,5,2,3,0,0
1933,2,11,2,0,3,0
1220,2,12,5,0,0,1
1056,1,7,5,1,3,1
829,1,14,3,0,3,0
733,1,5,6,2,1,0
258,1,10,6,2,0,0
12,1,2,6,4,1,0
1031,2,3,6,0,4,1
1441,1,4,5,1,0,0
957,2,3,3,0,1,0
1102,1,1,4,0,0,0
772,2,3,4,1,4,0
1333,1,3,6,6,0,1
1232,1,19,1,0,4,1
250,2,2,2,3,3,1
239,1,15,3,1,0,0
135,2,9,1,2,1,1
888,1,18,5,6,6,1
1784,2,3,3,4,0,0
1899,2,18,6,1,0,0
1634,2,14,6,4,3,1
683,2,12,2,0,0,0
1512,2,4,4,4,0,0
1825,2,8,1,2,1,1
496,1,20,4,4,3,0
132,2,2,5,4,0,1
1063,1,17,2,3,0,0
630,2,16,2,6,4,0
1676,1,16,5,2,0,0
534,1,17,3,0,2,0
946,2,12,4,3,2,0
151,2,15,3,0,1,0
1524,2,8,4,4,0,0
469,1,3,2,0,4,0
1918,1,4,3,0,6,1
230,2,15,4,2,3,1
1311,1,5,5,0,0,0
1207,1,8,6,3,6,0
1173,2,3,5,0,2,0
549,1,13,2,6,0,1
715,2,9,5,0,0,0
484,2,16,6,0,0,0
1750,1,2,6,3,1,1
1710,1,20,6,6,2,0
1827,2,10,5,3,0,0
1565,1,18,3,0,1,0
247,1,3,2,2,3,0
843,2,11,2,3,4,0
742,2,18,1,4,0,1
1937,2,12,5,6,1,0
52,2,13,1,2,3,0
1634,2,13,3,1,4,0
1433,2,19,1,0,0,0
824,2,3,6,6,3,0
1143,1,13,4,3,6,0
1894,2,11,3,6,6,1
1792,1,3,5,3,2,1
7,1,8,3,3,6,0
1913,2,6,4,4,1,0
1255,2,9,5,6,4,0
1755,1,17,5,1,0,0
1193,1,4,4,2,0,1
1802,1,17,1,1,3,1
1377,1,12,4,6,6,0
54,2,16,6,2,3,1
776,1,14,4,6,2,0
175,2,16,6,3,0,0
970,1,9,2,0,3,1
1411,1,20,2,3,1,0
606,1,20,5,2,4,1
451,2,15,1,0,3,0
184,1,3,5,6,0,0
350,1,19,4,0,0,1
187,1,16,5,6,6,0
278,2,11,1,2,2,1
274,1,1,4,0,4,0
1752,2,18,5,6,4,1
1815,2,12,4,6,0,0
1776,2,12,3,4,3,0
1806,1,17,1,3,0,1
1846,2,2,1,0,6,0
1548,1,14,2,3,0,1
1298,1,19,6,0,0,1
1865,1,1,5,2,3,0
230,2,9,2,1,0,0
1583,2,3,3,3,2,1
1232,2,9,6,1,6,1
293,2,12,6,1,3,0
1560,2,17,3,0,3,1
876,2,6,6,2,3,0
834,1,1,2,1,1,1
1486,1,13,5,3,3,0
451,2,20,4,3,0,0
1153,2,3,1,6,6,1
1161,1,14,4,2,4,1
492,2,3,6,0,2,0
606,2,7,3,6,2,0
1975,1,20,1,0,1,0
1908,1,12,3,1,0,1
1980,2,8,6,0,6,1
1399,1,16,6,4,3,0
795,1,8,2,3,3,0
372,1,20,5,3,3,0
1418,1,13,5,4,3,1
1287,2,14,5,0,6,1
155,1,5,1,0,6,1
1283,2,5,6,6,4,0
1748,2,4,4,4,4,0
1800,2,2,5,4,1,0
561,1,7,2,6,1,0
188,2,5,3,2,1,0
1280,2,19,1,1,6,0
1341,1,7,2,3,0,0
75,1,16,4,0,6,0
190,2,6,2,6,1,1
983,1,9,1,2,3,1
1881,1,6,3,0,2,0
1134,2,2,2,4,6,0
1596,2,10,2,1,3,0
932,1,2,6,6,0,0
1191,1,4,1,2,4,0
632,2,10,4,0,2,0
305,1,6,1,1,6,1
205,1,2,6,0,3,1
715,2,5,2,3,1,0
195,2,16,1,3,2,0
308,2,9,3,4,2,0
1877,2,2,2,4,4,0
797,1,5,4,4,0,1
1952,1,2,1,3,0,0
260,1,15,6,6,6,0
455,2,5,6,0,0,0
332,1,15,4,0,4,0
1128,1,7,3,4,0,0
1980,1,13,2,2,2,0
417,2,13,2,2,4,1
418,1,5,1,0,3,1
734,1,18,1,6,2,0
1761,2,18,5,0,1,0
514,1,20,3,0,1,0
851,2,10,4,2,4,0
969,1,18,5,3,6,1
1238,2,1,1,0,4,0
1529,2,1,4,1,2,0
167,1,16,3,3,6,1
109,2,1,2,3,6,1
1003,1,9,2,1,3,0
1439,1,18,6,1,1,0
1052,1,5,4,1,2,1
772,2,17,2,0,2,0
1505,2,11,1,0,0,1
17,2,16,2,6,0,0
1949,1,9,2,2,3,0
517,2,17,6,0,4,1
1102,1,16,3,0,1,1
1242,1,4,5,0,2,0
395,2,6,3,6,3,0
411,2,19,2,0,4,0
202,1,11,4,0,0,0
1094,2,15,3,6,0,0
1452,2,12,3,3,4,0
49,2,5,5,3,0,1
230,2,5,5,2,4,1
1635,1,14,5,0,6,0
623,1,16,3,0,3,0
664,2,10,2,0,1,1
1684,2,4,3,0,6,0
1520,1,7,2,3,6,0
880,1,2,4,0,1,1
1353,1,12,3,6,4,0
1437,1,18,2,3,4,0
905,1,14,5,4,1,0
1371,1,19,5,0,1,0
1432,2,3,5,1,3,0
574,1,2,1,4,4,0
457,1,20,4,3,4,0
845,1,15,5,4,4,0
1244,2,16,2,1,4,0
1891,2,13,3,3,4,1
1092,2,16,2,0,3,0
989,1,7,4,3,1,1
78,2,10,6,0,0,1
558,1,2,4,6,3,1
581,2,9,6,6,2,0
248,1,10,5,2,0,1
945,1,8,2,0,6,1
1817,2,9,4,0,2,0
65,2,2,1,1,2,0
1339,1,12,5,4,6,1
1985,2,6,5,4,2,1
1774,1,5,2,0,1,1
1173,1,15,3,2,0,1
1751,2,20,2,1,4,1
64,1,20,3,1,0,0
69,1,17,3,6,3,0
341,1,4,1,6,1,1
867,1,6,5,4,1,0
256,2,19,5,3,4,0
1766,1,4,3,3,4,0
1327,2,6,2,1,3,0
1399,2,14,5,1,2,0
1346,2,15,4,0,3,1
690,1,3,5,1,0,0
908,1,5,3,0,3,0
661,1,8,4,3,0,0
127,2,11,1,4,6,0
778,2,9,1,6,6,1
1182,1,2,5,6,6,0
1006,2,7,5,0,2,0
1165,2,12,6,1,0,0
1490,1,17,1,2,6,0
1564,1,10,4,0,0,1
1397,1,5,4,0,4,0
1188,1,15,2,4,6,0
1820,1,13,3,3,3,1
1651,2,19,6,1,4,0
1217,1,12,4,6,1,0
1535,1,14,6,3,1,1
747,1,10,2,1,0,0
848,1,5,4,0,6,1
408,1,16,1,0,6,0
1309,2,6,6,1,6,0
247,1,11,1,0,3,0
528,2,11,4,0,1,1
664,1,4,5,2,6,1
673,2,14,6,2,0,1
480,2,19,3,0,4,0
1013,2,14,3,0,3,0
1002,2,2,5,1,0,0
1017,1,10,6,6,2,0
576,1,1,5,4,0,0
769,1,14,5,3,2,1
363,2,18,4,4,0,0
1801,2,18,6,0,4,0
1083,2,12,6,4,3,1
1354,2,4,4,0,0,0
862,2,9,2,3,4,1
676,1,14,3,2,0,1
898,2,16,4,2,3,1
1585,1,7,1,0,2,0
1571,2,12,4,0,4,0
43,2,2,1,6,3,0
816,2,7,2,3,0,0
459,2,13,4,0,4,0
492,2,7,3,1,2,0
375,2,12,4,0,0,0
746,1,20,5,0,0,1
444,1,13,6,4,4,1
814,1,8,4,1,3,1
1024,1,5,6,3,0,0
501,1,15,2,3,0,0
749,2,12,4,0,1,0
1224,2,2,1,6,2,0
494,2,11,5,6,0,0
1968,1,17,4,0,1,0
210,2,10,3,4,0,1
894,1,6,1,3,2,0
675,1,18,4,6,2,1
800,1,11,5,4,0,1
674,1,4,5,0,0,0
242,1,3,6,4,0,1
478,2,19,3,1,6,1
1381,1,18,6,4,6,0
1541,2,15,5,0,4,0
1086,1,7,1,0,0,1
1641,1,2,4,6,4,1
734,1,20,6,4,0,0
571,1,6,2,3,1,0
692,2,10,5,0,4,0
1746,2,14,4,3,0,1
231,2,14,1,2,6,0
1747,1,1,1,4,0,0
1785,2,17,1,0,2,0
1293,2,5,6,6,6,1
733,1,17,1,3,0,0
1654,1,18,3,1,0,0
764,1,5,3,6,3,1
295,1,20,4,4,6,0
1061,2,13,6,3,0,1
1364,1,19,3,6,6,1
1039,2,12,3,3,1,0
176,1,19,3,0,6,0
165,2,19,2,0,4,0
1754,2,16,2,3,1,0
1418,2,10,1,1,1,0
1824,1,18,3,3,0,1
1648,2,3,1,1,2,0
971,1,6,3,3,3,1
1162,1,15,3,0,4,1
860,1,13,5,3,1,0
1105,1,15,4,0,1,1
154,1,17,2,0,0,1
507,2,7,5,0,2,1
126,2,3,4,6,2,1
625,1,19,3,0,4,1
1664,1,19,4,6,1,1
298,2,16,1,2,0,1
1891,1,15,6,0,1,1
907,2,6,2,0,6,0
1104,2,20,4,4,6,1
1518,2,15,4,2,2,0
1567,2,2,1,2,2,1
407,2,19,2,0,6,0
1027,2,13,1,6,1,0
1045,1,2,1,1,2,1
1987,2,8,5,1,1,1
596,2,3,4,1,6,0
1902,2,6,1,1,1,0
1255,1,13,4,4,2,1
1575,2,17,5,2,4,0
536,2,18,1,1,4,0
697,2,9,1,2,4,1
661,2,18,4,3,3,0
1919,2,18,2,0,0,0
1112,2,6,1,1,3,0
504,2,7,1,0,0,1
1553,2,10,2,3,0,0
1213,1,12,4,1,0,0
1057,1,12,2,0,3,1
1329,1,18,5,0,6,0
719,2,12,6,0,6,0
628,1,13,1,6,6,1
1342,1,16,4,6,1,1
479,1,5,4,1,0,0
1087,1,1,1,6,3,0
267,1,8,5,0,0,1
639,1,8,3,1,4,0
1106,1,10,5,2,1,1
736,2,18,4,4,3,0
1253,2,19,3,4,0,0
108,2,13,6,4,0,0
1428,2,14,2,6,4,1
202,1,9,3,2,0,0
1395,2,4,5,1,4,0
330,2,19,4,4,4,0
416,1,11,2,1,4,0
1375,1,3,3,4,0,0
1104,1,16,2,2,1,0
953,1,19,1,6,3,0
1842,2,7,6,3,0,1
1592,2,13,4,0,0,0
1396,2,18,2,2,4,0
1409,1,18,5,0,3,0
1909,2,18,2,0,3,0
1558,2,11,5,1,2,0
1741,2,3,2,3,6,0
471,1,1,1,0,3,1
885,2,18,6,3,6,0
1859,1,13,5,1,3,1
104,2,2,1,2,4,1
699,1,12,2,0,0,1
254,2,2,3,1,0,1
1223,1,16,5,2,3,0
917,1,7,5,1,1,0
1367,1,17,3,3,0,0
1463,2,17,6,0,3,1
340,2,8,5,0,1,0
51,2,9,5,4,0,0
1137,2,15,3,6,0,0
873,2,16,6,0,0,0
63,1,11,5,2,0,1
1125,1,9,4,2,4,0
787,2,2,1,2,3,1
386,2,16,5,4,3,1
172,1,17,4,3,0,0
489,2,10,6,0,3,0
352,2,16,6,0,0,0
477,1,11,5,2,1,1
769,1,6,2,1,0,0
325,1,19,3,0,0,0
146,1,8,3,3,3,0
102,2,6,2,1,1,0
695,1,2,4,0,1,1
944,2,6,3,2,0,0
510,2,11,5,3,3,0
1923,1,18,4,0,3,0
1688,2,11,2,0,3,0
838,1,6,2,4,0,0
1820,1,19,4,3,4,0
1803,1,2,6,3,6,0
232,1,20,4,4,0,1
1412,1,12,4,0,3,1
22,1,15,6,0,6,0
1591,2,2,2,2,6,1
1526,1,11,6,0,6,1
243,1,6,4,2,1,1
997,2,19,5,1,0,1
318,2,14,3,6,2,1
329,1,17,3,4,1,0
1738,2,3,2,1,0,0
1790,2,7,1,3,4,0
428,1,12,3,3,0,0
478,2,11,2,6,2,0
699,2,19,4,0,0,0
954,2,9,6,1,3,0
1677,1,8,3,0,0,0
845,2,7,2,1,2,1
679,1,7,4,4,0,0
1654,2,10,6,2,3,0
1428,1,4,3,4,0,0
225,2,11,1,0,0,1
804,1,1,2,4,0,0
1081,1,7,2,6,4,1
1587,2,6,3,6,0,1
856,1,2,4,2,6,1
1399,2,15,2,0,1,1
1941,2,4,6,0,0,0
1626,2,18,1,4,2,1
1173,2,4,1,3,0,0
536,2,20,3,0,0,0
611,2,20,4,0,0,1
904,1,14,2,0,0,1
1280,1,1,3,0,0,0
56,2,14,2,0,3,0
1494,2,15,1,6,0,0
848,1,3,6,3,2,1
569,2,19,5,4,4,1
1912,1,20,1,1,2,1
1200,2,6,4,2,0,1
277,1,5,3,0,6,1
744,2,10,3,1,4,1
1738,2,18,4,0,2,0
248,2,17,4,6,3,0
13,1,1,3,0,0,0
34,2,7,1,0,4,0
897,1,17,6,2,3,0
132,1,13,5,6,2,1
151,2,4,4,0,1,1
1586,1,7,5,6,4,0
1021,1,10,5,0,6,0
669,1,5,6,0,2,0
243,2,12,3,0,3,0
1854,2,10,4,1,6,1
1773,1,3,6,4,2,1
428,1,2,1,3,0,0
1754,2,14,3,3,3,0
915,1,7,6,4,1,1
116,1,11,6,0,0,0
1749,2,14,1,2,3,0
15,1,18,6,4,0,0
1541,1,8,5,0,0,0
1918,1,11,2,4,0,0
1462,2,2,3,4,0,1
1979,2,17,6,6,2,0
631,2,14,5,1,6,0
563,1,2,2,4,0,0
898,2,17,1,0,0,0
1840,1,17,1,2,4,0
1855,2,6,4,1,0,0
399,1,16,1,0,0,0
1210,2,8,3,4,4,1
979,1,3,2,0,6,1
1598,1,19,1,1,0,1
317,1,16,5,2,1,1
490,1,6,6,2,2,0
939,1,5,4,3,0,0
1895,2,16,6,4,1,1
1812,2,2,5,4,0,1
470,1,14,1,1,3,0
1884,2,5,5,3,0,1
1428,1,7,1,3,2,1
1448,2,4,2,2,0,1
828,1,20,5,2,0,1
744,2,14,3,6,0,0
619,1,14,5,3,6,1
1149,2,9,4,0,0,0
1218,2,15,2,2,1,0
1605,2,20,5,2,0,1
861,2,5,4,2,0,1
544,1,1,6,1,6,0
961,1,16,5,6,6,0
151,2,5,6,1,6,0
426,2,13,4,6,4,0
1362,1,13,5,4,2,1
1960,1,12,2,2,1,0
311,2,8,6,3,0,0
1194,2,15,3,2,1,0
1133,1,9,1,2,1,1
1168,2,4,2,1,0,1
1782,1,12,5,4,2,1
474,2,16,2,3,3,0
1028,1,10,1,3,0,0
1209,1,11,5,6,2,1
1702,1,4,3,6,1,0
531,2,17,1,4,4,0
697,1,9,3,6,0,0
1954,2,16,5,1,3,0
1756,1,6,3,0,4,0
799,2,13,1,0,3,1
1951,1,16,3,2,3,0
1552,1,13,4,1,1,0
1010,1,20,5,0,3,0
1,2,16,3,0,0,1
1666,1,4,4,3,3,0
725,1,4,6,6,2,0
441,1,8,1,1,0,0
130,2,18,6,0,2,0
1981,2,20,1,0,4,1
280,1,10,6,6,1,0
164,1,2,3,3,4,0
21,1,13,2,2,0,0
280,1,9,1,3,0,0
196,1,13,4,4,4,0
1093,1,2,4,1,0,1
1399,1,16,2,2,0,0
1202,2,2,1,0,0,0
595,2,1,4,4,1,0
1067,1,15,3,2,1,0
490,1,5,4,0,0,0
460,2,9,1,0,0,1
628,2,14,2,0,4,0
746,1,20,3,6,0,0
1566,1,12,5,2,0,0
616,2,11,3,0,6,0
158,2,10,5,0,0,1
1545,1,17,2,4,1,0
149,1,13,2,3,0,0
1449,2,15,1,2,4,0
1579,2,6,2,1,0,0
1813,2,20,3,4,1,0
1689,2,19,1,0,0,0
1508,2,15,5,0,6,0
134,1,20,6,1,6,1
1847,2,9,5,6,0,0
1747,1,5,1,3,4,1
1908,1,11,3,4,6,0
1482,1,18,5,4,0,0
1884,1,16,5,0,3,0
388,1,12,3,3,4,0
1788,2,18,6,6,2,0
1637,2,11,5,4,0,0
1796,2,15,5,0,0,0
1641,2,8,1,2,2,0
17,1,19,5,2,1,0
24,2,12,4,6,6,0
1849,2,17,4,1,1,1
1507,1,5,5,4,1,1
450,2,1,1,1,3,0
1443,1,12,6,0,0,1
1121,2,1,4,0,0,0
965,1,14,4,0,1,0
1245,1,14,1,6,6,0
1397,2,14,3,1,0,0
199,2,7,4,1,3,0
963,2,9,5,6,6,0
1377,1,6,4,1,4,1
552,1,18,1,3,1,0
1086,2,16,6,1,1,1
1084,1,15,1,0,4,0
1091,1,13,3,3,3,1
1592,1,14,4,2,1,0
781,2,18,2,4,3,0
1057,1,17,6,4,0,1
144,2,5,3,2,4,0
1612,2,9,1,0,0,0
1300,2,18,5,2,1,0
417,1,7,2,0,1,0
1192,2,1,6,3,0,1
395,2,3,6,0,4,0
808,1,13,4,2,6,0
1940,2,3,6,3,4,0
998,2,20,6,4,2,0
585,1,17,4,0,1,0
609,2,18,1,3,3,1
236,1,1,3,6,0,0
494,2,3,5,0,6,0
523,1,2,1,3,0,0
590,1,9,4,1,0,0
1314,2,11,3,6,1,0
884,2,1,6,0,1,1
328,1,10,3,0,0,0
607,2,3,1,0,3,0
235,2,6,1,1,0,1
959,2,19,5,1,6,0
97,2,1,1,6,2,0
337,2,6,1,0,2,0
592,2,11,4,6,3,1
1180,2,8,2,1,2,0
637,1,7,6,6,3,0
945,2,2,2,3,0,0
1617,1,7,1,4,6,0
1538,1,17,5,3,1,0
686,2,19,3,3,0,0
533,1,14,5,6,0,0
1757,2,14,6,2,2,0
1294,1,5,2,4,0,1
409,2,10,6,3,4,0
1145,1,17,1,4,4,0
550,1,5,2,2,2,1
35,1,8,5,4,0,1
1248,1,2,1,1,6,0
1174,1,1,5,3,4,0
2000,2,19,6,0,3,1
436,1,20,5,1,0,0
1372,2,6,3,1,4,0
580,2,6,6,1,2,1
1128,2,14,4,1,6,1
1306,1,2,4,4,0,0
413,2,16,6,4,3,0
1865,1,8,4,1,0,1
1628,1,19,6,6,4,0
1964,1,19,3,2,2,0
1949,2,4,6,6,1,0
563,2,15,4,1,6,0
667,1,9,3,4,4,0
1454,1,2,4,4,1,0
621,1,11,2,0,6,0
397,1,10,5,6,1,0
1125,2,11,5,4,4,0
1397,1,1,5,3,3,0
646,1,15,5,0,4,0
382,2,16,6,2,0,0
35,2,16,5,3,0,0
1144,1,7,3,0,6,0
1951,2,15,2,2,1,0
984,2,15,1,6,4,0
1717,1,8,6,0,2,0
1770,2,12,3,3,6,0
638,1,9,2,0,3,0
584,2,18,5,0,0,0
1035,2,5,6,0,1,1
386,1,16,3,6,6,0
1380,1,19,5,1,0,0
1426,1,5,1,0,1,0
1877,1,14,3,6,6,0
1956,1,7,4,4,0,0
20,2,14,6,3,4,1
605,2,3,1,2,4,1
203,1,15,3,1,4,1
1931,2,20,1,0,3,0
625,1,8,1,0,0,0
970,1,15,1,6,4,0
706,1,3,2,0,2,0
1980,1,20,6,2,0,0
388,2,10,4,0,1,0
96,2,18,2,0,0,0
1241,1,16,1,6,6,0
1543,1,8,1,6,1,0
641,1,20,6,0,6,1
1020,1,7,1,0,6,0
1733,2,8,3,6,0,0
838,1,14,1,0,2,1
1664,2,9,2,3,6,0
1512,2,6,6,0,4,1
1835,1,6,1,0,6,0
557,2,19,5,3,0,0
1349,1,7,6,3,3,1
735,2,13,4,0,4,0
491,2,11,2,2,4,0
1217,1,20,1,0,1,0
1385,1,7,6,1,6,1
617,2,1,4,6,0,0
349,1,9,1,3,1,1
262,2,20,2,1,0,1
1594,1,14,5,2,2,0
148,1,14,3,2,0,0
1675,1,17,2,3,0,0
1933,2,6,3,1,0,0
1895,1,1,2,0,4,1
1924,1,4,5,0,0,0
1027,1,15,1,4,2,1
815,1,19,6,3,4,0
696,1,13,3,3,4,1
1879,2,9,5,6,2,1
144,1,1,6,6,6,0
1941,1,6,4,3,2,0
426,2,13,3,0,0,1
205,2,7,4,0,2,0
1621,2,13,2,0,0,1
285,1,16,5,3,6,0
542,1,19,4,0,3,1
221,2,4,4,4,6,0
1666,2,9,6,3,2,0
1279,2,15,6,4,0,0
1775,2,14,6,2,6,0
762,1,15,1,1,2,1
1579,1,12,4,1,0,0
1722,1,3,3,4,0,0
1312,1,5,1,0,3,1
870,1,7,2,6,4,0
1331,2,13,1,2,4,0
633,2,1,5,0,0,1
393,2,2,5,2,3,1
1211,1,13,6,1,2,0
794,2,18,3,4,6,1
462,1,7,3,0,0,0
266,1,16,6,0,3,1
244,1,7,6,3,0,0
323,2,20,6,6,0,0
569,2,15,4,2,6,0
1063,1,7,3,0,6,0
217,2,11,2,0,6,1
1906,1,14,4,0,4,1
788,1,1,4,4,0,0
1709,2,6,5,1,0,0
1118,1,8,5,0,0,0
207,1,1,2,3,1,0
912,1,4,5,0,2,0
1394,2,4,6,0,4,1
1623,2,3,4,0,1,0
1682,1,9,4,6,2,0
18,2,15,3,6,6,0
552,1,11,4,3,3,0
568,2,20,3,0,0,1
529,1,9,1,0,0,1
1794,1,1,6,6,3,0
775,2,12,4,1,6,0
1858,2,3,2,3,3,0
948,1,7,4,2,2,0
1999,2,18,5,6,2,0
1014,1,10,4,1,1,0
1243,2,16,5,1,6,0
1392,1,15,3,4,3,0
88,2,13,3,3,1,0
75,2,1,2,6,3,1
1826,1,12,6,4,4,0
861,2,17,5,2,3,0
1923,2,5,5,6,0,0
883,2,10,3,6,0,0
688,2,17,2,2,0,1
659,2,5,6,4,2,1
978,2,18,2,3,3,0
824,1,4,3,2,2,0
976,2,18,6,6,0,1
375,2,10,4,0,2,0
1081,1,14,4,2,4,0
409,2,2,2,2,0,0
1242,1,5,1,1,6,1
1227,1,2,1,1,4,0
1542,2,9,5,3,6,0
402,1,11,2,4,2,1
804,2,9,5,4,1,0
616,2,5,4,3,3,1
1093,1,13,3,2,2,0
465,1,6,5,6,0,1
1906,1,18,3,0,0,0
439,2,13,4,6,2,0
1191,1,5,2,6,3,0
1199,1,5,2,2,0,1
770,1,18,1,6,0,0
1498,1,17,6,1,3,0
944,2,15,6,3,4,0
1963,2,2,3,4,1,0
272,2,20,5,1,6,1
439,1,18,2,4,1,0
1901,2,9,1,0,0,0
819,1,9,5,4,6,0
1770,2,10,6,4,4,0
1268,1,8,4,4,6,0
243,2,15,3,0,2,0
1798,1,17,4,1,4,1
548,1,3,2,2,4,0
976,2,12,4,0,0,1
1331,2,5,1,1,6,0
1097,2,17,4,0,1,1
204,1,16,6,0,1,1
1902,2,11,5,4,2,0
1512,2,10,6,6,0,0
175,2,15,6,2,6,0
569,2,6,6,0,4,0
1355,1,7,4,2,1,0
1786,1,5,2,3,0,1
1626,1,5,6,0,2,0
1597,2,1,5,2,4,0
1871,2,2,6,1,3,0
1260,2,8,5,4,0,1
467,1,9,1,0,1,0
270,1,16,2,3,4,0
1596,2,2,3,0,0,1
1071,2,1,2,4,0,0
1255,2,9,6,2,2,1
673,2,1,1,3,0,0
1399,2,10,4,1,0,0
20,1,11,4,0,2,0
165,1,19,2,3,0,0
1111,1,14,1,6,0,1
753,2,9,1,3,0,0
789,2,7,6,0,0,1
1951,2,15,2,6,6,1
1507,2,14,6,6,1,1
1488,2,16,5,0,0,1
914,1,14,2,6,0,1
381,2,8,6,0,0,1
1962,2,18,5,1,0,0
704,1,16,2,0,4,0
1553,1,9,1,1,1,0
1760,1,6,2,1,1,0
1815,2,20,4,1,0,1
188,1,13,4,1,0,1
1361,1,11,4,6,2,0
151,1,12,4,2,3,0
1364,1,19,2,0,1,0
1481,1,19,1,0,4,1
646,1,14,1,2,1,0
518,1,9,2,0,0,0
412,2,1,5,2,2,1
1763,1,6,3,4,6,0
508,1,19,6,3,6,1
1634,1,11,1,4,6,0
946,2,10,6,6,6,0
324,1,6,6,2,0,0
1508,1,17,6,1,0,1
1043,1,7,1,6,2,0
254,2,1,4,2,0,0
1838,1,5,6,4,3,1
630,2,1,5,0,4,0
1350,1,9,4,1,6,0
711,1,11,2,3,3,0
694,1,8,4,4,3,0
6,1,2,6,6,2,1
1258,1,1,3,3,3,1
904,2,9,6,2,3,1
1609,1,2,6,0,0,0
1993,1,1,1,0,0,0
1508,2,13,6,0,1,0
1262,1,3,4,4,3,0
1827,2,16,3,0,0,0
1588,1,17,4,0,6,0
1021,1,15,2,4,2,0
1346,1,7,1,6,1,0
374,2,11,6,1,4,0
749,1,6,2,0,1,1
785,1,7,2,2,0,1
1731,2,20,5,0,0,0
502,1,7,3,2,1,0
272,1,11,4,6,2,0
1768,1,19,3,0,2,0
694,1,9,3,2,3,0
1431,1,6,5,1,6,1
789,1,20,3,6,6,0
366,1,7,6,2,6,0
214,1,19,4,2,4,0
1776,1,10,5,3,0,1
1671,1,5,3,1,2,1
1929,1,7,1,0,1,1
358,2,6,2,1,0,1
1185,2,14,4,0,3,0
388,1,5,3,4,0,0
77,1,6,6,1,6,0
889,1,18,6,6,0,0
1691,1,13,6,3,6,0
394,1,12,4,4,1,1
926,1,18,2,1,0,1
5,2,19,3,0,2,1
1829,1,2,3,6,0,0
1905,2,4,3,1,0,0
73,1,2,1,6,6,0
1027,1,8,1,0,4,1
950,2,18,1,0,3,0
539,2,7,2,2,1,0
147,2,12,5,0,0,0
1722,2,3,1,0,0,0
1285,1,4,2,1,0,0
1501,2,19,6,0,3,0
227,2,17,2,0,0,1
1221,2,13,5,2,0,0
1271,1,18,5,3,4,0
608,1,17,3,2,2,0
853,1,14,6,2,4,0
1695,1,11,2,3,3,0
1219,2,4,4,0,3,0
1502,2,3,4,1,1,0
1693,1,14,1,1,2,1
763,1,18,5,3,1,0
455,1,19,3,1,2,0
1453,2,8,4,2,1,0
1847,1,14,2,4,0,0
560,2,5,1,0,2,1
1042,2,14,4,4,3,0
233,1,17,4,4,1,0
1019,2,7,1,4,1,1
1569,2,19,5,2,0,0
95,2,10,4,6,6,1
1411,1,3,4,1,3,1
111,1,5,5,4,3,0
186,1,14,3,6,1,0
355,1,11,4,3,4,0
1690,2,12,1,1,0,1
404,2,9,6,0,1,0
1270,2,14,3,4,6,0
1033,2,14,4,1,4,0
266,1,2,6,3,6,0
1316,2,19,2,0,4,1
731,1,19,2,2,2,0
1409,1,20,3,2,1,0
1735,1,16,5,3,3,0
1931,1,1,1,0,0,0
749,2,15,5,3,4,0
931,1,2,2,0,6,0
1770,2,9,3,1,0,1
117,2,13,3,2,4,0
1031,1,5,5,6,1,0
90,1,16,5,3,1,0
1988,2,8,5,6,3,0
1591,1,18,4,1,4,0
1998,1,15,5,6,0,1
297,1,5,4,3,3,0
1541,2,19,5,1,4,0
542,1,8,6,0,4,1
352,1,18,6,1,3,1
273,1,13,4,4,1,1
134,1,17,5,6,0,0
697,1,8,2,2,2,0
1512,1,19,3,6,1,0
408,1,4,6,0,6,1
1062,2,13,1,0,2,0
367,1,5,3,6,3,0
623,1,4,5,6,6,0
604,2,19,4,0,4,1
685,1,15,1,4,0,0
351,2,3,6,0,6,0
22,1,4,5,3,0,0
1253,2,20,5,2,3,0
425,1,16,1,1,6,0
1632,1,15,3,1,3,1
152,2,14,6,1,2,0
1473,2,1,4,6,0,1
1042,1,7,4,1,1,1
966,2,6,4,2,1,0
1968,1,5,2,0,0,0
1081,2,3,2,0,2,1
1851,2,20,3,0,1,1
573,1,1,3,2,2,0
1041,2,20,2,3,0,1
1952,2,6,6,0,2,0
201,1,20,1,3,0,0
631,1,4,3,2,2,0
506,2,15,5,6,0,0
361,2,11,1,6,0,1
707,2,4,2,2,4,0
459,2,16,2,2,0,0
639,2,13,6,2,6,0
1588,1,6,5,2,2,0
1900,2,16,1,0,0,0
1098,2,4,6,6,2,1
1545,1,8,2,0,2,0
1394,1,11,1,1,1,0
475,1,12,4,2,0,0
759,1,2,1,6,2,1
1525,2,3,1,0,3,1
531,2,18,6,2,1,0
365,2,12,1,1,4,0
810,2,19,5,4,0,0
1315,2,8,1,2,0,0
1527,1,6,5,2,6,1
197,1,19,3,6,0,0
660,1,18,2,4,6,1
1081,2,4,3,3,0,0
1688,1,5,2,0,2,1
1010,1,18,2,0,2,0
1387,2,9,1,3,4,1
763,1,16,1,6,0,1
1850,1,14,4,6,0,0
1347,1,20,3,0,2,0
1967,1,5,1,4,0,1
381,2,7,1,3,6,1
448,1,2,1,6,3,1
663,1,19,6,0,4,0
1665,1,19,1,0,0,0
1204,1,14,6,1,3,0
190,1,11,5,0,1,0
128,1,7,2,0,1,0
1436,1,15,3,6,2,0
45,2,1,2,2,0,1
793,1,13,3,1,4,0
783,1,4,3,0,6,0
30,2,1,1,1,2,0
342,2,19,4,6,0,0
980,1,1,6,2,6,0
1954,1,16,3,4,4,0
1751,2,11,2,6,2,0
1327,2,8,5,0,0,1
859,1,7,1,4,6,1
1502,2,16,3,6,0,1
1911,2,16,2,0,0,0
1302,1,14,6,0,1,1
91,2,11,4,1,4,0
936,1,4,1,1,0,0
1557,2,17,3,0,0,0
1916,2,6,6,0,6,1
953,2,9,5,6,2,0
1259,1,15,5,1,6,0
960,1,13,3,0,1,0
1634,1,12,2,3,6,0
1978,1,20,1,6,0,1
1883,2,9,5,4,3,0
1813,1,9,3,1,2,0
1618,1,20,5,3,4,1
226,1,14,6,1,4,1
1276,1,12,4,6,0,0
526,2,13,3,0,2,1
1459,2,11,5,0,6,1
1372,1,18,4,0,1,0
229,2,19,2,2,3,1
554,1,8,1,1,3,0
528,2,6,5,6,1,0
1745,2,9,2,0,3,0
114,2,3,1,4,0,0
1319,1,8,4,4,2,0
1698,2,2,2,3,1,0
1538,1,1,2,3,0,1
369,1,2,2,3,0,0
684,2,16,4,2,1,0
682,1,3,6,6,0,1
1065,2,1,3,3,6,0
244,1,11,2,2,2,1
47,1,14,5,6,2,0
960,1,4,1,0,4,0
412,2,20,3,0,2,0
1097,1,2,4,4,3,0
1628,2,14,5,6,0,0
491,1,7,6,4,6,0
1224,1,2,4,2,6,0
1352,2,9,2,1,1,0
1547,2,18,5,0,2,1
100,2,19,2,4,0,0
920,1,2,1,0,3,0
580,2,11,1,1,1,0
115,1,4,6,1,4,0
994,1,15,5,1,2,0
669,1,14,6,6,0,1
1065,1,5,3,3,0,1
1780,1,6,1,6,2,0
1719,2,9,1,0,0,0
1190,1,13,2,6,4,0
47,2,6,3,3,4,0
582,2,13,6,3,4,1
497,2,18,3,0,0,0
216,2,16,2,1,6,0
1012,2,19,3,6,2,0
1400,1,8,2,6,2,1
438,1,19,6,3,4,0
506,1,10,6,4,2,0
1992,1,9,5,0,0,0
1615,2,7,2,2,6,0
332,2,15,2,2,1,1
1067,1,13,2,6,4,0
1835,2,4,5,0,0,1
1664,1,16,5,4,0,0
320,1,18,6,2,6,1
923,1,16,5,2,4,0
283,1,7,6,0,2,0
563,1,7,3,1,1,0
1187,1,8,3,6,4,1
103,2,6,4,0,2,0
1714,1,11,1,0,3,0
1371,1,19,5,1,4,0
426,1,4,2,0,2,1
554,2,18,4,4,4,1
1482,2,4,3,4,1,0
1348,1,18,1,3,4,0
94,1,13,6,0,6,1
1978,1,6,6,6,4,1
20,2,9,4,6,0,1
80,2,9,1,0,4,0
714,2,11,4,0,1,0
1606,2,3,4,2,6,0
1253,1,9,4,6,0,1
1966,1,10,3,0,6,1
116,1,8,1,4,6,1
1196,1,7,3,4,1,1
424,1,11,2,2,3,1
632,1,18,4,0,2,1
784,2,14,3,1,2,0
1218,1,1,4,1,6,1
1571,1,9,2,4,0,0
1285,2,2,1,2,0,0
945,1,10,5,0,4,0
1279,1,17,3,3,0,0
612,1,1,5,1,0,0
879,1,3,2,4,3,1
1893,1,1,2,0,0,0
1392,2,20,2,0,1,0
1432,2,13,5,1,3,0
1061,2,13,4,0,6,0
42,1,16,5,4,2,0
1191,2,11,3,4,4,1
771,2,7,2,3,0,0
1651,2,14,2,0,0,0
991,2,5,4,6,6,1
377,2,13,5,0,2,1
1616,1,3,5,0,1,1
1029,2,2,3,3,2,0
811,1,13,4,2,0,0
303,2,13,2,1,0,0
1015,1,11,1,2,2,0
1296,2,3,2,3,4,1
190,2,2,2,6,4,0
261,2,3,2,4,3,1
1573,1,15,1,0,1,1
1642,1,7,3,6,0,0
1922,2,17,1,2,3,1
1816,2,12,3,0,0,1
1712,1,7,4,6,3,0
1004,2,4,4,2,0,1
12,2,14,4,3,1,0
1549,2,1,1,3,6,0
1389,1,12,4,2,3,0
1232,2,12,6,0,6,0
300,2,16,6,0,3,0
1289,2,9,5,1,0,0
151,1,19,3,0,0,1
466,2,14,4,3,4,0
53,2,9,3,3,0,0
1464,2,14,5,0,4,1
135,2,20,4,4,3,0
710,2,3,3,1,2,1
1792,2,9,6,2,3,1
1940,1,3,5,3,3,0
839,1,5,1,0,4,1
1256,2,5,2,0,1,0
353,2,16,5,0,0,0
1475,2,17,6,3,6,1
1568,2,5,3,1,0,1
1969,2,13,4,1,0,0
363,1,12,1,3,1,0
695,2,8,3,2,6,0
181,1,3,5,3,2,0
248,1,4,4,2,3,0
1948,2,19,3,6,0,1
1502,1,10,5,0,0,0
1467,2,18,5,0,0,1
899,1,7,4,2,0,0
114,1,12,1,1,1,0
1445,2,9,5,2,3,0
1087,2,20,5,0,3,0
6,1,11,5,0,4,0
356,1,15,1,0,3,1
1319,1,17,3,3,3,0
577,2,19,3,0,6,1
722,1,10,6,0,6,1
581,2,15,5,6,6,1
1048,1,14,4,0,3,1
1324,1,17,5,2,1,1
1065,2,19,4,2,3,1
1970,2,6,2,6,4,0
845,1,1,2,1,1,0
517,2,15,4,3,2,1
1913,2,2,5,3,4,1
931,1,8,6,1,4,0
171,2,1,2,4,4,0
1858,1,4,1,1,4,0
1722,1,15,5,1,4,0
1469,2,2,3,4,6,0
1565,1,15,2,2,0,1
806,1,5,1,1,0,0
122,1,9,4,0,3,1
336,2,7,2,1,1,1
1832,2,18,1,0,0,1
485,2,7,3,4,1,0
1968,1,9,4,1,1,0
1476,2,2,6,6,6,0
1340,2,11,1,4,0,0
1585,2,7,5,4,3,0
1845,1,1,1,2,3,0
9,1,11,3,4,3,1
199,1,20,5,3,0,0
326,1,16,3,0,0,0
263,1,7,2,0,3,0
168,1,18,4,6,1,1
1778,2,8,6,1,2,1
1084,2,2,6,0,6,0
680,1,16,5,0,1,1
64,1,18,1,1,1,0
798,1,11,3,2,6,0
1290,2,16,6,6,3,1
99,2,19,4,4,0,0
1000,1,7,3,1,2,0
185,1,15,5,2,2,0
1988,1,16,5,4,1,1
789,2,14,5,0,2,0
30,2,14,5,0,4,1
208,1,1,6,4,1,0
1551,1,17,1,4,2,0
1644,1,11,3,0,0,1
950,2,14,5,2,0,0
1362,1,7,2,0,1,0
1629,2,10,1,0,0,0
1316,1,5,2,0,3,1
1320,2,13,3,4,6,1
1935,1,12,5,2,1,0
206,2,18,5,1,3,0
546,2,5,5,0,2,0
703,2,17,3,1,2,1
271,2,6,4,3,6,0
265,2,14,4,2,0,0
289,1,15,4,6,0,0
1415,1,12,2,0,0,0
105,2,9,3,3,6,0
673,1,13,3,3,2,1
810,1,1,5,1,0,0
1359,1,14,3,0,1,0
570,1,9,4,4,6,1
226,1,5,6,3,1,0
833,2,13,3,3,0,0
1389,1,5,1,0,6,1
1789,2,9,2,2,6,0
1080,1,9,6,3,6,1
1456,1,2,6,2,3,0
881,2,5,2,2,0,0
88,2,3,1,0,1,0
1239,2,9,3,6,2,0
230,1,2,2,3,0,0
117,2,7,1,3,4,1
1747,2,13,1,0,1,0
1534,1,17,5,0,6,0
1425,1,2,6,3,4,1
777,1,18,3,2,6,1
1692,2,18,2,4,0,0
1750,1,6,6,6,4,0
1378,1,19,1,0,6,0
1961,1,8,2,0,4,1
1778,2,2,5,3,1,0
1282,1,1,2,0,3,0
1361,2,8,5,3,1,0
1745,1,10,5,4,6,1
1519,1,5,6,6,0,0
1119,1,4,1,6,0,0
399,2,1,6,2,0,0
1687,2,5,2,0,6,0
495,2,16,5,3,0,0
599,1,5,3,3,3,1
1843,2,10,5,0,0,1
1775,1,6,5,2,6,1
212,1,15,5,6,3,0
143,1,6,1,6,6,1
865,1,10,5,6,4,1
1573,2,4,4,1,1,0
225,1,9,6,4,4,1
46,2,16,1,6,6,0
304,2,1,4,0,0,1
741,1,4,1,0,1,1
899,1,13,5,0,0,0
168,2,11,1,4,6,0
1162,1,4,1,0,3,0
1867,1,16,5,2,6,1
396,2,19,4,6,0,1
1751,2,13,2,3,4,0
1874,2,4,5,6,6,0
1818,1,14,5,0,3,1
676,1,15,2,2,6,1
937,1,12,5,1,4,0
1775,2,11,3,0,1,0
831,2,5,6,0,4,0
1052,1,13,2,0,0,1
1660,1,8,3,4,0,1
1510,1,5,4,0,3,0
101,2,19,4,4,4,0
882,1,17,1,2,4,0
291,2,15,3,6,4,1
276,2,15,5,0,1,0
568,2,2,1,4,3,0
1331,2,12,2,2,3,1
1747,2,9,5,4,4,0
381,2,3,3,6,2,0
910,2,13,4,0,0,1
77,1,6,2,0,1,1
1423,1,3,5,3,1,0
1283,1,18,3,0,6,0
1951,2,16,3,3,2,0
1152,1,4,6,2,3,0
1487,2,8,2,0,1,0
67,1,19,6,3,6,1
279,1,13,1,6,1,0
893,2,13,1,0,2,0
860,2,11,5,2,2,0
192,2,2,5,2,4,0
1415,2,12,4,2,0,1
476,2,9,2,1,0,1
1331,1,3,6,6,0,1
53,2,20,4,0,2,1
1165,1,17,3,2,2,0
1047,1,13,5,3,3,0
606,2,12,5,2,4,0
1953,2,12,6,6,6,0
405,2,16,3,1,2,1
379,2,12,6,3,1,0
1831,2,9,6,2,1,0
1382,2,4,4,1,1,0
1094,1,5,6,1,3,0
624,2,1,4,2,6,0
618,2,18,5,4,3,0
402,2,14,2,4,4,0
1692,1,13,1,2,0,0
1496,1,18,5,3,6,0
1909,2,20,4,2,2,0
1876,1,13,3,0,0,0
1024,2,14,1,6,1,1
150,1,13,1,0,6,0
1443,1,1,3,6,4,0
1302,2,9,2,6,1,1
1446,2,3,4,2,4,0
737,2,19,4,0,2,1
453,2,16,6,2,4,0
742,1,3,4,0,4,0
505,2,19,5,6,0,0
1559,2,8,3,6,3,0
820,1,19,4,1,4,0
1154,1,11,4,3,2,0
1768,2,18,2,4,0,0
1277,2,5,4,2,0,0
854,2,11,4,4,0,1
1759,2,13,5,0,4,0
669,2,17,3,6,6,0
1023,1,7,1,1,2,0
32,2,1,2,0,1,0
1108,2,14,5,2,0,0
131,2,20,1,1,1,0
1885,1,10,5,1,3,0
1254,1,11,5,3,0,0
354,1,9,5,2,0,0
211,1,19,3,3,0,0
1029,2,4,4,2,4,0
1496,2,1,3,1,3,0
811,2,14,1,2,2,1
1915,1,19,4,6,2,0
1652,1,2,3,0,2,0
1847,2,14,4,2,6,0
63,2,6,5,6,2,1
1796,2,3,6,6,3,0
605,1,1,5,0,0,0
1052,1,6,6,0,6,0
1495,2,2,5,6,1,0
532,2,6,6,1,0,1
235,1,7,3,2,0,1
351,1,6,2,0,3,0
30,1,6,6,0,0,0
1599,1,12,3,0,0,0
446,1,14,3,2,3,0
749,2,8,4,4,2,0
358,2,19,5,1,0,1
1388,2,7,6,1,0,1
52,2,4,2,2,2,0
321,1,2,1,0,4,1
260,1,7,5,0,2,1
553,1,20,5,1,2,0
400,1,12,4,6,2,0
131,2,13,6,0,0,0
365,2,11,2,2,4,0
1753,1,16,4,4,2,1
1746,2,7,1,6,6,0
905,2,10,3,0,4,0
448,1,18,2,4,3,0
609,1,6,2,3,0,0
1517,1,1,4,3,6,0
334,1,17,5,3,2,1
1139,2,16,5,3,4,1
1709,1,18,2,1,1,0
1194,2,1,6,0,6,1
1568,1,8,2,0,0,0
1823,1,1,6,3,0,0
425,2,20,2,6,3,0
1135,1,4,6,3,6,0
1954,2,20,2,0,3,1
1979,2,9,6,1,3,0
167,1,13,3,2,4,0
1362,1,17,3,0,6,0
891,1,17,3,4,2,0
67,2,6,6,0,6,0
1702,2,6,5,6,2,1
828,1,7,6,6,2,0
996,1,9,5,1,2,0
1129,2,10,1,2,4,0
113,2,4,4,0,3,1
1274,2,16,4,0,0,0
44,1,9,6,4,0,1
1350,1,20,3,2,1,0
711,1,13,6,4,0,0
236,1,9,1,0,2,0
1567,1,15,1,6,6,0
677,1,17,3,3,3,1
458,1,15,5,1,2,0
1630,1,13,5,3,1,1
1668,1,19,1,0,0,0
519,2,10,5,3,4,0
639,2,9,3,2,1,0
676,1,1,5,3,3,0
1798,2,1,4,2,2,0
1383,1,11,3,0,3,1
1428,2,8,6,3,4,1
803,2,3,3,3,3,0
62,2,18,4,2,2,1
14,1,14,6,4,2,1
713,2,5,5,0,4,0
301,2,11,3,3,3,0
13,2,9,4,0,0,0
391,2,8,6,1,6,0
1967,2,2,4,0,4,1
1816,1,17,1,6,0,0
877,1,7,3,0,0,0
209,1,18,3,0,2,1
647,1,10,4,0,1,0
506,1,3,3,4,6,0
1792,2,8,6,0,6,1
1919,1,12,4,6,4,0
1588,1,15,1,4,6,1
685,2,13,3,4,0,1
590,2,3,2,2,6,1
1960,2,17,1,3,0,1
445,2,10,5,1,0,0
1681,1,4,2,4,6,0
416,2,10,5,3,4,0
1947,2,10,5,0,0,0
1393,1,10,3,6,0,0
80,2,4,2,1,0,0
1957,1,18,2,4,3,0
613,1,2,3,2,4,0
1686,2,7,2,6,6,1
1369,2,5,4,6,0,1
332,1,4,1,0,1,0
1526,1,6,3,2,2,0
1115,1,12,6,6,0,0
1933,1,2,3,2,4,1
92,1,14,4,2,4,1
1676,2,18,1,0,6,0
45,2,6,5,2,2,0
536,2,16,3,6,4,0
998,1,16,2,0,0,0
270,2,20,5,3,3,0
1843,2,18,6,2,0,1
398,2,17,5,0,4,1
771,1,15,4,0,1,0
184,1,7,2,4,1,1
1389,1,7,3,6,4,0
1761,2,3,1,2,1,0
736,2,20,3,4,6,0
1094,1,2,1,3,0,0
316,2,6,6,1,0,0
1087,2,1,5,6,0,0
801,1,14,2,6,6,1
1921,1,17,4,4,4,0
1413,1,18,4,3,2,1
1242,1,20,2,0,2,1
189,1,5,6,3,3,0
14,1,20,5,3,6,0
1666,1,4,6,6,3,0
800,2,12,5,6,1,0
1181,2,15,4,0,6,0
1523,2,16,2,6,2,0
1819,1,11,6,2,1,1
1337,1,11,6,1,0,1
1646,2,15,1,0,1,1
1785,2,4,3,2,0,0
1129,2,20,5,2,2,0
1265,2,3,4,4,3,1
441,1,20,5,0,0,0
83,1,1,1,6,3,1
1142,1,5,3,6,1,0
1283,1,2,1,1,2,1
406,1,3,2,1,6,0
1840,1,11,5,0,3,1
3,2,16,4,4,3,1
646,2,14,1,0,3,0
852,2,8,4,3,0,0
556,2,10,2,4,0,0
799,2,20,1,4,4,1
527,1,5,3,1,1,1
1374,1,14,5,4,0,0
1791,2,10,3,1,4,0
203,1,6,3,6,4,0
1752,2,16,1,0,6,0
1986,1,17,5,1,2,0
969,1,6,3,2,4,0
603,1,12,1,0,4,0
514,1,20,3,1,0,1
1626,2,8,5,4,1,0
542,1,12,4,2,4,0
884,2,10,1,0,1,0
1096,1,14,3,4,6,0
1225,1,5,5,2,2,1
522,2,5,2,2,0,1
234,2,3,4,6,3,0
908,1,18,3,4,6,0
510,2,15,5,1,2,1
1418,1,5,3,6,4,0
993,1,14,4,4,4,0
1261,1,12,3,0,2,0
1667,1,2,2,6,1,1
1781,1,2,2,0,0,0
1414,2,8,4,0,2,0
1740,1,9,5,2,4,1
414,2,1,3,2,4,0
255,2,10,3,3,0,1
470,1,5,2,0,0,0
291,2,19,6,6,6,0
1912,1,7,3,0,1,0
384,2,3,4,0,0,0
138,1,10,2,4,4,1
1170,2,19,6,0,2,0
1113,1,10,6,2,3,0
1916,2,1,3,1,6,1
1879,1,4,4,0,4,0
1014,2,6,3,3,1,0
1321,1,11,5,0,0,1
183,1,17,2,0,1,0
1978,2,12,1,3,2,0
1770,2,3,3,0,0,1
263,1,7,6,0,3,0
1498,2,15,6,0,2,0
1400,1,10,2,0,1,1
549,1,8,6,6,0,1
291,1,12,2,6,4,0
1834,1,9,3,2,2,0
1244,1,18,4,1,4,0
1966,2,15,6,4,6,1
609,1,6,3,0,0,1
810,1,8,4,0,6,1
1876,2,17,6,0,3,0
1604,2,4,6,3,0,0
818,1,10,1,4,4,1
286,1,4,3,6,2,0
982,2,4,3,3,1,0
906,1,18,6,2,2,0
911,2,19,3,4,6,0
131,2,13,4,0,3,1
228,1,1,4,4,0,0
887,1,13,1,6,0,1
842,2,6,5,0,6,1
547,2,7,6,2,6,0
1636,1,17,3,1,0,1
346,2,19,1,1,0,0
1658,2,4,5,4,3,0
1309,1,13,6,1,6,0
35,2,12,6,6,4,1
1770,2,3,2,0,0,1
1979,2,9,3,0,3,1
682,2,17,3,0,4,0
1512,2,1,2,1,1,0
775,1,10,2,1,4,0
834,2,10,1,3,0,1
526,2,15,1,0,0,0
1963,1,20,5,4,2,0
448,1,12,2,0,3,0
1212,2,17,4,2,0,0
1062,2,5,2,2,3,0
1424,1,13,2,6,1,1
469,1,10,5,0,1,0
306,1,16,6,1,2,0
1919,1,7,3,6,0,0
905,2,8,4,1,0,0
1872,1,19,3,1,0,1
1090,2,13,5,3,6,0
1760,2,11,1,0,6,1
14,2,7,3,1,2,1
1798,1,13,2,6,0,0
1375,2,5,5,0,6,0
1669,1,7,4,0,0,0
309,1,1,2,3,1,1
1824,1,7,1,0,3,1
1539,1,10,2,0,6,0
1753,2,12,6,0,0,0
68,1,15,1,6,6,0
1314,2,6,5,3,6,0
971,2,5,1,2,0,1
74,2,17,6,1,4,1
1441,2,17,4,0,4,0
1076,1,4,4,2,0,0
1442,2,19,6,1,4,1
826,2,12,2,4,4,1
1537,1,16,1,0,4,0
1379,1,20,5,6,0,0
1404,1,2,1,4,6,0
1269,2,17,6,0,1,1
1223,1,17,1,4,2,0
69,1,1,2,1,1,0
953,2,3,4,3,1,0
428,1,16,4,4,2,0
1494,2,4,6,1,1,1
656,1,15,3,2,2,0
354,2,1,3,3,1,0
757,1,12,2,0,2,1
1744,1,6,1,6,4,0
665,2,10,1,0,3,0
1067,2,2,1,0,3,0
1971,1,12,6,3,0,1
1644,1,10,2,0,0,1
1766,2,9,3,3,2,1
1945,2,12,1,4,4,1
1628,1,11,2,1,1,0
760,1,9,1,1,1,0
1424,1,1,5,3,4,0
1681,2,6,1,4,1,0
1294,2,5,6,0,1,0
701,2,17,4,6,0,0
1115,2,7,2,0,1,0
1577,2,14,1,6,0,1
10,1,7,4,0,3,1
268,2,12,6,1,6,0
1591,2,2,2,4,2,0
1158,1,3,1,0,3,0
867,1,2,3,0,0,0
1800,2,7,5,2,0,0
737,1,3,2,4,2,1
196,2,13,5,0,3,0
1297,1,7,1,0,4,0
1690,1,19,1,1,6,0
218,1,17,2,0,4,1
179,1,9,6,4,4,1
1672,2,17,4,0,4,1
1972,2,3,5,1,0,0
923,1,20,6,4,0,1
791,2,11,4,2,6,0
138,2,2,1,6,6,0
1552,1,1,5,0,1,0
1706,1,6,3,1,3,0
620,2,13,5,3,3,1
1918,2,13,1,4,2,0
1805,2,11,6,1,1,0
919,2,20,6,6,1,0
758,2,16,6,1,6,0
98,1,3,3,3,6,1
235,2,17,4,6,0,0
69,2,17,6,2,4,1
735,2,16,2,0,1,0
948,2,9,5,3,0,0
1376,1,5,3,6,0,0
1542,2,9,6,3,1,0
1811,1,10,5,0,0,1
1631,2,15,3,0,1,1
536,1,10,6,4,6,1
1223,1,19,4,1,3,1
757,1,17,1,0,6,0
1321,1,15,2,2,6,0
1779,2,2,1,6,4,0
1281,1,16,3,1,2,0
119,1,3,2,2,0,0
1780,1,15,4,1,6,1
261,2,5,6,3,3,0
282,1,14,6,2,3,0
21,1,5,5,3,4,0
653,1,1,4,6,2,0
332,1,6,6,4,1,0
1735,2,1,5,3,4,0
754,1,20,2,2,4,1
1359,2,7,5,0,1,0
432,1,1,1,2,6,0
376,1,3,4,6,0,0
569,2,14,4,3,0,0
1616,1,7,6,0,0,1
1958,2,13,5,3,0,0
346,1,1,1,0,6,0
1465,1,8,3,1,1,0
1208,1,12,6,0,0,1
1381,2,9,1,1,6,0
1090,2,16,5,2,4,0
731,1,1,5,2,0,0
316,1,3,3,6,0,0
496,1,8,4,4,4,0
836,2,15,4,3,1,0
1431,2,14,4,4,1,0
995,1,7,6,6,3,0
726,1,2,6,4,2,1
1534,1,18,1,0,1,0
42,2,17,4,6,2,0
1272,2,1,4,0,2,0
98,1,16,3,6,2,0
1171,2,17,5,1,0,0
548,1,19,2,2,2,1
837,1,5,2,6,0,0
1102,2,19,5,3,0,0
1178,2,17,6,3,6,1
1744,1,3,5,2,0,0
837,2,10,1,0,2,0
859,2,16,1,1,6,0
1251,1,15,5,6,3,0
1181,1,5,2,4,6,0
385,2,11,1,2,4,0
1187,2,2,2,4,4,1
112,1,7,1,0,0,1
1217,1,17,6,0,0,1
719,2,20,3,3,4,1
54,2,16,4,0,3,1
1977,1,7,2,2,2,1
1022,1,18,2,0,0,0
1642,2,1,5,1,0,0
1859,2,15,2,1,3,1
531,1,10,6,4,6,1
1665,1,16,4,0,2,1
1092,1,15,4,0,0,0
590,1,4,5,6,6,0
1412,2,8,1,1,0,1
994,2,3,6,1,0,0
817,1,3,2,0,3,1
799,1,1,4,6,1,1
1949,1,3,6,0,0,0
1201,2,17,2,2,4,1
761,1,7,4,1,4,0
856,1,6,6,4,0,1
1905,1,10,3,0,4,0
1730,1,14,4,4,3,0
1560,2,11,2,3,6,0
13,2,17,6,6,2,1
945,1,18,2,0,0,1
1564,2,4,4,4,0,1
459,1,3,3,2,2,0
1215,2,20,4,0,3,0
1120,2,18,6,4,4,1
1420,1,6,2,3,0,0
126,2,13,1,0,2,0
472,2,20,4,1,2,0
292,1,5,5,0,0,0
402,1,1,1,3,2,0
4,2,3,5,1,4,0
1368,2,19,2,0,0,1
487,2,9,3,0,2,0
1897,2,14,1,3,1,0
1346,1,18,3,0,1,0
453,1,20,4,2,2,1
652,1,16,3,4,6,0
950,2,1,4,0,6,1
347,1,6,5,6,2,1
1058,1,7,2,3,2,1
1270,1,10,2,0,0,0
191,1,4,3,0,0,0
1318,2,10,2,0,0,0
868,2,10,4,0,6,0
780,2,13,1,1,6,1
1511,1,11,1,4,1,0
88,2,12,2,1,4,1
1948,1,1,3,6,3,0
167,2,13,5,1,4,0
1286,2,8,1,0,3,1
1150,2,6,3,0,6,1
602,1,8,5,2,1,1
194,2,12,5,1,3,1
1858,1,7,5,2,3,1
1117,1,5,6,6,0,0
454,2,9,4,1,3,1
993,2,20,6,2,3,1
1266,1,3,3,3,1,0
956,1,20,3,4,3,0
1108,1,5,2,0,0,0
381,1,8,6,4,3,0
214,2,18,1,0,0,1
1529,1,5,5,6,4,1
931,2,3,1,6,0,0
113,1,16,1,1,0,0
581,2,19,2,6,1,1
473,1,6,5,6,4,1
1494,1,11,1,1,0,1
1872,2,15,6,2,2,0
1566,2,9,4,0,4,0
1715,1,7,3,6,2,1
641,2,20,4,2,4,0
1755,1,18,4,6,6,0
1435,2,7,1,3,6,0
792,2,14,6,3,0,0
477,1,14,1,4,2,1
287,1,1,3,1,0,0
888,1,6,4,1,4,0
780,1,18,3,1,2,0
1837,2,15,6,0,0,1
744,2,3,5,0,0,0
1967,2,12,3,4,0,1
964,1,7,5,1,1,0
1487,1,4,1,0,0,0
1470,1,2,1,2,2,0
513,1,9,4,1,4,0
1978,1,14,4,0,1,1
1523,1,1,1,4,2,0
459,1,3,3,3,6,1
1063,1,4,6,3,3,0
1534,2,3,3,3,0,0
1133,2,4,2,3,2,0
1012,2,9,3,0,3,0
1692,2,2,5,6,2,1
1361,1,4,2,4,4,1
82,2,17,6,6,6,0
1359,1,16,1,2,4,0
1615,1,8,3,4,3,0
974,1,20,1,6,0,1
1947,2,18,6,3,0,0
545,2,17,2,0,1,0
959,1,17,2,3,6,0
868,2,13,3,2,4,1
25,2,3,5,2,2,0
1459,2,6,6,6,0,1
1985,2,19,3,6,1,0
556,1,10,3,4,6,0
323,2,20,5,6,4,0
398,2,15,2,4,6,0
1475,2,1,5,0,3,0
1297,2,15,5,6,1,0
186,1,17,6,0,6,0
1172,2,4,6,0,4,0
824,2,13,2,6,6,0
199,2,9,1,1,4,0
1989,1,6,4,2,0,0
1644,2,1,3,4,3,1
1811,2,19,1,2,4,0
1965,2,19,5,2,0,0
1477,1,14,5,1,1,1
316,2,6,3,1,4,0
1858,2,18,5,1,0,1
1940,2,15,6,3,0,0
1279,1,13,5,6,6,1
1095,2,12,6,2,2,1
1803,2,20,2,0,1,0
932,2,13,3,6,6,0
194,1,6,5,1,4,1
1994,1,15,1,0,3,0
1357,1,17,5,3,3,0
1290,2,13,5,0,0,0
74,2,5,2,0,0,0
1586,2,4,1,3,2,0
1439,2,12,5,3,1,1
1173,2,15,3,6,0,0
541,2,2,1,6,0,1
1009,1,5,4,3,3,0
933,2,20,1,6,3,0
360,2,13,4,0,6,0
1439,1,5,2,2,1,0
1080,2,4,2,2,1,0
1193,1,17,2,6,0,1
1910,1,6,4,0,2,1
1367,2,15,1,1,0,0
355,2,3,3,3,6,1
1984,1,19,2,3,2,0
259,1,10,5,4,3,0
333,1,6,4,3,2,1
1280,1,7,6,0,0,1
776,2,1,4,1,6,1
1470,1,1,5,0,3,0
1797,1,18,6,3,0,0
1434,2,4,6,1,1,0
1018,1,10,5,3,6,1
1758,1,8,1,6,1,1
1672,2,17,3,6,3,0
1457,2,10,4,2,2,0
1769,2,17,4,0,1,1
1539,2,4,1,6,2,0
1755,2,15,6,3,0,1
487,2,7,6,3,4,0
1009,1,11,6,0,2,1
315,2,17,6,6,2,0
368,2,2,4,4,4,0
495,1,18,6,0,6,1
1834,2,11,6,0,2,1
1902,2,6,3,6,0,0
726,1,19,6,0,1,0
1049,2,9,2,2,0,1
1069,2,7,4,0,6,0
1672,2,16,1,3,2,1
1384,2,13,4,0,3,0
1871,2,6,5,2,2,1
1966,2,5,3,0,0,0
785,1,7,1,1,1,0
168,1,15,3,3,6,1
450,2,15,2,0,0,1
465,2,9,6,0,0,0
802,1,2,5,2,1,0
1855,2,20,6,2,0,0
1621,1,7,1,4,0,0
194,1,12,5,1,3,0
1085,2,12,5,6,6,1
730,2,5,3,1,2,0
714,1,15,3,3,0,0
972,2,19,1,2,4,0
1558,1,17,3,0,0,0
332,1,5,5,4,0,0
1955,1,2,3,0,1,1
523,2,9,6,0,1,0
1889,2,8,6,0,1,0
602,1,9,3,0,0,0
1683,2,18,6,1,3,1
1170,2,20,4,0,0,1
742,1,19,4,0,0,0
1349,1,13,2,0,2,0
1600,2,10,1,3,4,0
241,1,3,5,1,2,0
369,1,17,6,0,4,1
950,2,9,4,3,0,0
779,2,3,3,3,0,0
109,1,8,5,3,4,1
1461,1,8,6,0,6,0
1053,1,10,3,4,4,1
48,1,2,3,2,0,0
728,2,2,6,1,0,0
436,2,17,4,1,0,0
1612,1,11,2,3,1,0
1007,2,7,2,0,0,0
1436,1,17,2,2,6,0
1452,1,5,1,4,1,0
1138,1,17,2,6,4,0
320,2,8,5,3,4,0
840,2,17,1,1,6,1
56,1,10,1,3,2,1
1731,1,5,3,3,2,0
1747,2,7,3,6,3,0
1221,2,13,1,3,1,0
546,2,18,6,1,2,1
1665,2,10,5,1,3,0
149,1,2,5,6,0,0
766,2,17,5,0,2,1
1543,1,8,2,6,0,1
657,1,14,4,4,4,0
144,2,10,6,3,6,0
963,2,20,2,0,3,1
874,1,14,1,3,0,0
1228,2,7,6,0,0,1
1215,1,16,4,1,0,1
1560,2,12,3,1,6,1
177,2,13,4,2,0,0
1588,1,8,2,0,2,0
1853,2,8,3,6,3,0
1235,1,4,6,0,2,0
1938,1,20,4,1,0,1
1320,1,12,6,6,6,0
1862,1,15,4,6,3,0
646,1,2,6,4,4,1
833,1,10,2,1,4,0
399,1,16,1,2,6,1
1452,2,3,5,2,2,1
1029,2,6,3,6,3,1
470,1,20,1,1,3,0
571,2,3,4,0,4,0
42,1,9,5,4,1,0
1689,2,1,5,2,4,0
1962,2,17,6,2,1,0
290,2,4,6,1,6,1
363,1,17,3,2,0,0
1384,1,5,3,6,3,0
1679,2,7,3,1,0,0
171,1,14,2,3,2,0
958,2,15,4,2,6,0
81,2,2,3,6,0,0
1379,2,4,4,0,1,0
1014,2,9,5,0,0,0
587,2,4,3,0,1,1
1457,1,19,2,3,4,0
1504,1,7,1,0,1,1
368,2,16,5,6,6,0
1926,1,6,4,1,6,0
1385,2,15,1,1,4,0
1303,1,13,3,0,4,0
927,1,13,6,0,3,0
729,2,18,5,2,3,0
770,1,4,6,1,1,1
563,1,4,3,4,2,1
1434,1,8,4,4,2,0
235,1,19,3,0,1,0
1731,2,9,4,3,6,0
1726,2,11,6,4,4,0
539,1,20,6,0,0,1
924,1,10,3,2,3,0
615,2,2,1,6,0,0
1817,1,6,5,3,1,1
1178,2,16,4,4,1,0
685,1,14,6,4,1,0
1894,2,1,6,0,0,1
1374,1,5,2,0,0,0
776,1,4,3,3,2,1
1458,1,2,3,0,1,0
601,1,19,4,3,3,0
1008,1,17,2,0,2,0
1613,2,12,3,6,4,1
1529,2,3,6,0,0,1
1717,2,3,5,6,6,0
954,2,7,4,4,2,0
164,1,6,3,3,0,1
1097,2,19,1,3,0,0
720,2,1,6,0,6,0
805,1,1,1,6,0,1
1398,2,15,4,1,2,0
356,1,14,1,0,0,0
1201,2,18,1,1,2,1
599,2,14,4,0,0,0
1458,1,14,6,4,1,1
890,1,17,3,3,0,0
747,1,15,1,1,3,0
1758,1,16,5,3,0,0
335,1,19,5,3,0,0
75,1,17,1,6,0,1
1791,1,16,5,1,6,0
1116,2,5,3,4,1,0
119,1,8,4,2,2,0
989,1,19,3,4,1,1
999,2,2,3,0,0,0
744,2,14,5,1,0,0
806,2,14,5,6,4,0
1289,1,10,1,0,3,1
608,1,7,3,4,4,1
767,1,15,5,4,3,0
686,1,13,6,1,1,1
886,2,13,1,4,0,1
790,1,10,6,6,6,0
212,2,9,5,4,4,0
1101,1,5,6,1,0,0
151,2,12,4,0,2,0
1647,1,8,4,0,1,0
1314,2,1,5,3,3,0
1726,2,3,2,4,0,0
812,1,18,1,0,4,0
544,2,3,1,4,0,0
78,2,9,2,4,1,0
1880,2,20,3,3,1,0
961,1,10,3,4,6,0
1338,1,13,6,2,6,0
159,1,13,4,1,6,0
1186,2,13,3,0,3,1
1019,2,17,3,6,0,1
1789,1,7,6,0,4,1
727,2,10,4,4,1,0
490,2,10,4,6,0,1
40,2,9,5,0,4,0
37,1,20,2,3,2,0
960,2,20,3,6,1,0
412,2,16,6,0,0,0
1015,2,5,3,4,1,0
782,2,6,5,4,4,1
1030,2,12,6,3,4,0
1158,1,13,3,1,3,0
1623,2,2,5,1,0,0
1926,1,13,1,0,3,0
1596,1,17,3,4,0,0
1719,1,4,2,6,1,0
343,1,17,4,6,2,0
1359,2,6,1,4,3,0
738,1,3,6,1,3,0
821,2,5,4,1,0,0
1980,2,9,3,4,0,1
276,2,20,4,6,0,0
1712,1,19,5,0,4,1
591,2,13,2,4,4,0
1260,2,10,1,6,2,0
1627,1,19,1,6,0,0
1495,1,17,5,2,3,0
850,2,1,3,0,0,0
1712,2,8,3,2,3,0
1036,2,9,2,6,4,0
1951,1,17,4,6,0,0
1441,1,2,2,6,0,0
1886,2,11,3,0,0,1
39,2,10,6,3,4,0
1098,2,17,4,6,6,0
63,2,20,6,6,3,0
1741,1,9,5,0,4,1
1204,2,3,5,4,0,1
385,2,12,4,6,4,0
656,1,11,3,1,0,0
858,1,20,1,0,1,0
1035,2,20,2,3,6,1
54,1,7,1,4,6,0
701,2,11,2,0,1,0
1976,1,7,4,6,1,1
237,2,2,2,0,0,0
317,2,18,5,6,3,0
949,1,1,6,4,0,1
400,2,8,5,3,6,0
998,1,1,6,2,0,0
1401,1,19,6,0,0,1
997,2,16,3,0,0,0
694,2,8,5,3,0,1
1648,1,9,2,3,1,0
855,1,15,3,0,0,0
368,2,3,2,6,0,0
782,1,9,6,0,4,1
1272,1,11,5,3,2,0
148,1,15,3,0,0,0
638,1,18,1,1,2,0
356,2,11,1,0,1,1
1190,1,18,6,6,3,0
1070,2,20,3,6,0,0
864,1,7,6,3,3,0
1419,2,12,2,0,4,1
376,2,10,2,1,0,1
390,2,12,1,0,1,0
809,2,7,1,1,0,0
1761,1,11,4,1,1,1
876,2,13,4,3,1,1
249,1,10,1,2,2,1
377,1,4,4,2,0,1
259,2,15,4,6,3,0
1386,1,8,5,6,0,0
1211,2,16,1,2,2,0
1965,1,4,6,3,2,0
1404,1,20,2,4,4,0
851,2,12,3,0,3,0
407,2,13,6,6,1,0
404,2,19,3,1,1,0
895,2,2,5,0,4,0
990,2,18,6,0,2,0
659,2,4,1,3,3,1
893,2,19,1,0,0,0
1642,1,8,6,2,6,1
1288,1,2,4,4,0,1
222,2,12,4,0,4,1
1962,2,12,3,4,1,0
1511,1,17,4,0,0,0
1647,2,17,2,0,0,0
15,1,16,1,6,4,1
1808,1,15,4,4,4,1
953,2,2,3,2,3,0
350,1,2,3,0,6,0
570,1,19,4,2,0,0
115,2,14,3,0,1,0
721,2,8,6,0,6,1
1021,1,8,5,0,6,1
798,1,2,4,3,4,1
1887,1,13,4,3,3,0
1243,2,15,5,4,0,0
303,2,4,1,2,0,0
1244,1,20,1,3,0,0
904,2,13,1,4,6,0
92,2,18,2,3,3,0
1861,2,17,4,3,6,1
1526,2,6,4,1,0,0
81,1,2,4,2,0,0
501,1,14,4,2,4,0
1650,1,7,2,6,6,0
317,2,20,4,0,4,1
1504,1,5,3,1,4,0
1624,1,11,2,0,6,1
1000,2,8,5,4,0,0
1166,1,9,6,2,2,0
1403,2,12,6,0,1,1
1957,2,13,6,0,2,0
1576,2,4,2,0,0,0
1235,1,15,5,0,0,0
1484,1,8,1,4,4,0
445,1,6,5,6,6,0
490,2,6,1,0,2,0
685,2,13,2,4,3,0
895,2,20,3,0,3,0
292,2,9,5,3,2,0
1310,1,2,6,6,6,0
711,2,12,4,4,0,1
1166,2,17,1,1,4,0
1947,1,3,1,1,1,1
1980,2,7,3,4,3,1
1881,2,14,5,2,0,0
498,1,11,3,2,1,1
78,2,10,5,0,3,1
1339,2,11,2,6,4,0
672,1,6,4,0,0,1
899,2,1,6,6,3,1
1975,2,11,4,0,2,0
1318,1,12,4,4,1,0
567,2,11,1,1,2,1
49,2,8,5,1,4,0
830,1,20,1,3,4,0
700,1,16,5,3,1,0
502,2,19,5,2,0,1
980,2,4,3,3,3,0
1895,2,8,2,0,4,0
608,2,14,1,3,2,0
636,2,8,1,4,4,1
1952,1,14,2,4,0,0
376,2,20,1,4,0,0
1624,2,1,6,1,0,1
1819,2,2,5,1,6,0
384,1,15,2,0,0,0
21,1,15,1,4,4,0
1912,1,9,6,0,0,0
1253,1,1,1,4,6,1
553,1,5,5,0,0,1
1620,2,6,5,4,4,0
249,1,20,1,0,6,0
309,1,13,5,0,4,0
1099,2,20,5,3,6,0
44,1,10,3,1,0,0
510,2,2,1,1,0,0
1894,1,19,1,3,1,0
848,2,10,2,6,1,0
1484,2,16,1,0,6,1
173,2,14,3,6,1,0
346,2,3,5,4,6,0
1406,2,13,5,6,1,1
743,2,14,2,0,4,0
1426,2,10,6,6,1,0
1755,1,13,5,0,3,1
899,1,1,4,3,4,1
217,1,6,1,6,0,1
977,2,4,5,0,2,0
209,1,14,1,0,3,0
1160,1,19,6,2,0,1
315,1,5,4,3,3,0
1648,1,2,1,6,3,0
368,1,2,4,0,2,1
1250,2,4,3,0,6,0
1020,2,2,5,4,2,0
1532,2,17,5,0,0,1
90,2,7,5,1,6,0
1618,1,11,6,6,0,0
1994,1,17,4,6,3,1
1996,2,6,6,4,3,1
8,1,6,2,0,6,0
1545,1,8,3,1,0,0
84,1,9,5,4,4,0
1433,1,4,6,1,0,0
188,2,8,2,4,0,0
1165,1,19,4,3,0,0
1948,2,9,6,6,0,0
642,2,1,6,4,2,0
724,1,5,2,1,4,0
914,1,12,5,1,0,0
1122,2,10,2,2,6,0
568,1,13,3,3,0,1
189,1,13,5,3,2,1
1392,1,2,3,3,6,0
1389,2,16,2,0,2,0
1157,2,13,2,2,0,0
1060,2,15,1,1,6,0
224,2,4,2,2,3,1
1922,1,11,2,0,6,0
1467,1,15,4,2,2,0
1691,2,2,1,0,6,0
749,1,12,5,3,3,0
713,1,16,4,2,1,0
1925,1,15,4,2,0,1
802,2,18,4,6,2,1
1106,1,5,1,0,1,0
1277,2,1,6,0,2,0
1268,1,5,1,2,2,1
622,2,20,1,3,0,0
698,1,19,3,1,0,0
1003,2,3,2,2,4,0
28,2,5,3,1,3,1
742,2,18,6,0,6,0
624,1,2,1,4,0,1
10,2,13,2,3,3,0
1803,1,16,1,0,4,0
38,1,2,3,6,2,0
64,1,20,6,4,4,0
99,1,16,1,4,2,0
1167,2,13,1,6,4,0
345,2,14,1,2,4,0
408,2,15,1,0,6,0
1551,2,18,6,3,2,0
1656,2,13,5,6,4,1
315,1,16,4,4,1,1
972,1,17,5,0,0,0
1610,1,6,4,0,2,0
1815,2,7,3,0,2,1
14,2,20,1,0,2,1
729,2,16,5,6,3,1
335,2,12,2,2,0,1
835,1,15,2,3,1,1
1452,1,9,6,6,4,1
672,1,4,2,2,3,0
977,2,3,5,4,0,0
1299,1,2,4,0,3,0
172,2,10,6,3,3,0
894,2,4,3,0,0,0
1193,1,12,5,0,2,0
685,2,9,1,3,3,1
530,1,19,2,4,0,1
1774,1,20,4,0,3,0
1502,1,4,6,0,4,1
1993,1,14,4,0,1,1
1148,1,4,6,2,3,0
475,1,11,2,0,3,0
407,2,14,4,0,6,1
760,1,6,6,6,1,0
1560,1,3,1,2,1,1
861,1,9,5,6,0,1
410,2,5,2,1,6,1
1404,2,14,1,1,3,0
1432,1,11,1,0,6,0
52,2,1,5,3,0,0
357,2,14,1,0,1,1
874,2,5,1,4,0,0
117,1,13,4,3,0,1
721,1,18,4,0,0,1
781,2,18,4,6,1,0
1569,2,18,3,6,6,0
1079,1,18,6,0,6,1
480,1,17,6,0,3,0
712,2,20,1,2,0,1
1462,1,5,3,0,6,1
1911,2,15,4,3,0,1
653,1,4,2,2,1,0
320,2,16,2,0,0,0
1885,2,15,5,2,6,0
1327,1,9,4,4,6,0
1348,1,1,2,0,6,0
1893,2,5,1,1,0,1
863,1,13,4,0,6,1
424,1,17,5,3,4,0
185,1,19,2,6,3,0
530,1,20,4,6,3,0
63,1,11,3,0,2,1
1784,1,1,4,1,0,1
99,1,4,6,1,6,1
129,2,4,1,0,2,1
1595,1,12,5,1,1,1
1673,2,12,1,0,0,0
1578,2,4,5,6,2,1
941,1,16,2,2,2,1
1190,1,12,2,0,1,0
1430,2,9,2,0,2,0
995,2,8,6,6,4,1
1294,1,13,4,4,2,0
1998,2,10,6,6,1,1
1043,1,20,4,3,1,1
1739,1,17,1,6,1,1
515,2,1,4,1,0,0
428,2,3,3,2,6,0
1390,2,8,3,1,2,1
1473,2,15,3,0,2,1
512,1,16,4,2,1,0
1435,2,8,2,0,4,0
534,1,20,4,1,0,1
480,1,17,4,3,0,0
37,1,6,4,0,3,0
1276,1,15,4,6,4,0
450,2,20,4,6,1,0
277,1,7,1,4,3,1
543,2,13,5,2,6,1
934,1,4,2,6,4,0
1516,2,8,3,4,6,0
1458,2,18,2,3,0,0
944,1,10,2,4,0,0
776,2,4,3,0,3,0
347,1,10,1,3,0,0
1562,2,15,6,0,3,1
526,2,2,3,6,2,0
1300,1,8,4,0,2,0
1223,1,19,2,0,1,0
847,2,19,5,0,0,0
1810,2,15,2,6,3,0
1046,1,8,1,4,2,0
1671,1,11,6,1,3,0
1823,2,9,3,3,3,0
1878,2,17,3,4,1,0
183,1,19,6,0,3,0
1542,2,12,2,1,0,1
1663,2,5,5,4,4,0
372,1,14,2,2,3,0
1786,2,7,4,0,4,0
1003,2,19,5,3,2,0
1683,1,2,1,2,1,1
1297,1,20,2,0,3,0
1414,2,18,3,6,0,1
1171,1,16,4,4,4,0
1974,1,19,3,4,2,1
562,1,4,4,3,4,0
1023,1,19,2,6,0,1
1806,2,8,1,2,3,1
1106,1,12,4,4,4,0
368,2,11,1,3,1,1
1203,1,20,2,1,3,0
387,1,5,1,0,4,1
719,1,8,3,0,3,0
43,1,14,3,6,0,0
1909,1,6,3,3,4,0
1241,2,14,2,2,0,0
320,2,11,4,1,2,1
434,2,1,3,3,0,1
1355,1,19,1,0,6,0
314,2,8,4,2,6,0
318,2,2,1,1,2,1
766,1,9,6,2,0,0
610,1,5,2,2,1,0
1685,2,13,3,1,6,0
640,2,3,3,2,0,1
1219,1,17,5,4,1,0
1453,2,7,5,2,4,1
1426,2,3,6,2,1,0
1545,2,1,3,6,2,0
581,2,3,3,2,6,0
424,1,20,3,3,1,1
95,2,3,4,0,4,0
463,2,3,1,2,1,0
286,2,20,3,4,2,0
1060,2,15,1,2,4,1
1982,2,12,2,0,6,1
212,1,8,5,1,0,0
420,2,10,5,1,0,0
612,2,15,2,0,6,1
1626,2,1,3,0,4,1
1758,1,13,3,0,2,1
88,1,5,4,6,3,1
1031,2,12,2,6,1,1
520,1,14,2,0,6,1
63,1,13,2,4,3,0
1624,1,5,4,6,3,1
1643,2,2,5,4,1,1
1577,2,2,5,3,0,0
1654,2,12,5,3,3,0
1876,2,14,1,6,0,0
689,2,8,2,2,2,0
1417,1,11,3,1,0,0
551,2,6,3,6,3,0
1523,1,17,5,3,2,0
1039,1,20,4,0,1,1
1188,2,1,5,3,6,1
50,1,10,2,6,2,0
69,2,12,1,6,1,0
917,1,15,4,2,0,0
1853,2,5,4,2,6,0
1517,1,17,3,2,2,0
1006,2,5,4,0,3,1
327,1,9,3,6,0,1
468,2,18,3,2,6,0
1941,1,18,4,4,3,0
510,1,16,2,0,2,0
1367,2,3,6,0,0,1
853,2,15,2,4,4,0
1485,1,9,3,4,0,1
192,2,7,5,0,2,0
1355,2,15,1,0,2,0
931,1,4,6,0,3,0
568,1,4,4,2,2,1
1854,1,9,6,3,3,0
1990,1,3,1,0,0,0
1975,1,15,6,2,0,0
1042,1,20,6,0,2,0
1789,1,9,2,4,4,0
1070,2,14,5,2,3,1
1130,1,12,5,0,4,1
552,2,4,5,6,0,0
1112,2,6,2,0,6,1
1173,1,12,4,1,2,0
283,2,7,2,1,2,0
619,2,1,2,4,6,0
639,2,17,3,0,0,0
1644,2,16,4,6,2,0
1940,1,4,2,1,0,0
761,2,17,4,3,0,1
1284,2,2,2,4,1,1
1289,1,20,1,3,4,0
241,2,17,5,0,3,0
473,1,13,1,4,0,1
1630,1,8,3,1,3,1
270,2,17,5,0,0,0
1647,1,15,2,3,0,1
1549,2,8,1,2,2,0
553,1,7,6,1,3,0
1777,2,12,6,1,0,0
360,2,18,6,0,1,0
53,1,9,3,2,2,1
1165,1,7,3,0,2,1
1902,2,20,1,0,6,1
1364,2,2,6,0,1,1
1326,1,20,1,0,0,0
238,1,10,5,4,1,1
1939,1,8,3,0,0,0
872,2,7,4,4,3,0
69,2,4,3,0,4,1
38,2,17,5,6,0,0
800,1,5,3,6,2,0
1532,2,5,1,1,0,1
1779,1,10,1,3,3,0
299,1,15,3,0,2,0
1260,1,8,3,0,6,0
1542,2,15,6,1,0,0
1446,1,3,2,6,1,0
1828,2,12,1,0,0,0
204,2,5,1,2,2,1
1309,1,3,3,6,6,0
1818,1,19,3,1,0,0
1332,2,19,3,2,2,1
1030,1,14,6,2,0,1
784,1,15,4,3,4,1
1594,2,14,1,0,0,0
54,1,14,4,0,6,0
172,2,9,4,0,1,1
1520,2,19,6,3,0,0
247,1,5,1,0,0,0
1123,2,2,1,0,6,0
1063,2,3,6,1,4,0
543,2,7,1,2,4,1
1627,1,7,3,0,6,1
1678,2,3,6,4,0,0
385,2,11,4,6,2,1
1489,1,14,2,2,0,0
1019,2,14,3,4,1,1
62,2,1,3,3,2,0
792,1,5,5,0,0,0
1147,1,4,2,4,6,1
1077,1,3,3,0,4,0
1731,2,14,6,4,2,0
1769,1,8,4,3,0,1
336,1,4,3,4,0,0
1853,2,12,2,4,0,0
1347,1,2,2,6,0,0
1375,2,9,6,2,0,1
1079,2,4,6,3,3,1
1266,2,3,2,0,4,0
54,1,4,1,3,3,0
1869,2,10,5,3,2,1
1391,1,16,4,0,3,0
171,1,1,1,3,0,1
457,1,20,5,2,1,0
1497,1,13,4,3,0,1
387,2,13,4,6,6,0
1797,2,10,3,6,0,1
1095,2,7,3,2,6,0
1965,2,12,5,6,2,1
405,1,1,2,1,6,0
106,2,11,1,3,0,0
202,1,2,1,0,1,1
812,1,20,3,3,3,0
1896,2,14,3,3,3,0
1564,1,14,3,1,3,0
946,1,18,5,0,4,1
126,2,18,4,0,6,0
1988,1,3,4,2,0,0
73,1,3,3,6,1,1
1504,1,9,2,3,2,0
622,1,16,2,6,0,1
1692,1,19,6,0,4,0
1584,1,17,2,4,0,1
864,2,10,1,6,3,0
1680,1,13,5,0,0,0
1393,2,3,6,6,3,1
448,2,5,3,3,6,0
1911,2,3,4,0,4,0
1972,2,9,1,1,0,0
257,1,3,4,6,4,1
344,1,9,6,4,2,1
1286,2,8,1,0,1,0
67,1,13,4,6,6,0
365,2,4,6,3,1,1
863,1,11,3,2,4,0
1531,2,1,5,3,0,1
438,2,8,5,4,4,0
606,2,18,4,2,3,1
1267,2,18,6,4,3,1
334,1,15,2,6,6,1
439,1,10,3,2,2,0
1559,2,6,1,0,0,0
4,1,3,4,2,0,0
499,1,17,6,4,2,0
915,2,10,3,0,0,0
46,2,17,4,4,1,0
1199,1,15,5,2,3,0
687,2,18,5,3,2,1
431,1,5,5,3,0,1
1418,2,10,6,6,6,1
1463,2,7,2,1,3,1
1419,1,18,4,1,0,1
702,1,11,2,3,0,1
308,1,5,2,6,0,1
316,2,8,6,3,0,1
679,2,9,1,4,0,0
849,2,12,6,0,4,1
741,1,7,5,2,0,1
380,1,8,6,0,0,0
1415,1,9,1,0,0,0
1044,1,18,6,6,0,1
394,1,11,1,0,3,1
432,1,17,3,2,3,1
1959,2,16,1,2,3,0
483,2,16,2,4,0,1
1539,2,2,2,6,6,0
1310,2,16,1,4,4,0
1001,2,9,5,2,0,0
81,2,1,2,0,2,0
740,2,18,1,3,2,0
727,2,14,2,2,0,0
1593,2,9,3,0,6,0
393,2,17,6,4,0,1
153,2,5,2,3,1,0
310,1,3,3,0,1,1
1403,2,4,1,0,4,1
1513,2,9,3,3,0,1
302,2,8,2,3,0,0
463,2,15,2,3,0,1
1177,1,7,2,1,3,1
135,1,6,6,2,2,0
787,2,15,3,3,1,0
1677,2,1,5,1,6,0
1106,1,11,3,0,0,1
1922,2,13,6,0,2,0
221,2,18,1,4,0,0
1903,1,16,2,3,0,1
1176,1,6,4,4,6,0
1114,1,4,1,4,2,0
1758,1,6,4,0,1,0
1002,2,1,5,4,4,0
973,1,3,3,4,6,1
1470,1,2,2,0,0,0
1140,1,6,5,4,6,1
937,2,4,1,4,0,0
148,1,15,5,3,1,0
1912,2,8,6,0,1,0
285,2,3,3,6,0,0
261,1,4,5,4,0,0
867,2,19,4,0,6,0
1159,2,13,5,0,4,0
390,2,20,2,1,0,1
571,2,3,1,0,4,0
670,1,1,6,2,3,0
197,2,2,6,6,2,0
1263,2,10,3,0,6,0
1321,2,8,3,0,3,0
602,2,15,6,0,6,0
18,1,19,2,6,0,1
807,1,15,3,0,2,1
1087,2,2,3,6,3,0
914,1,5,6,4,6,0
546,1,8,3,4,1,0
1721,1,16,4,0,0,1
262,1,13,1,1,2,1
1457,1,16,5,1,2,1
668,1,6,2,2,0,0
1762,2,11,6,4,0,0
710,2,19,1,0,0,1
302,1,12,4,4,0,0
969,2,9,6,1,6,0
632,2,20,3,0,2,1
1711,1,20,4,6,6,1
1187,1,12,2,4,0,0
982,1,3,3,6,2,0
992,1,5,3,6,2,0
1694,2,13,1,2,1,1
511,1,10,3,1,2,1
1505,2,5,2,3,1,1
1560,2,11,4,4,3,0
957,1,13,6,2,0,0
1384,1,17,1,2,4,1
1455,1,13,3,2,6,1
588,1,20,5,1,6,1
849,1,7,6,0,6,1
1845,1,18,5,3,4,0
615,1,6,2,4,0,0
909,1,14,2,0,0,0
397,1,20,1,0,1,0
1931,2,5,6,2,1,0
1060,2,1,4,4,1,0
875,1,17,6,0,0,0
1983,1,20,6,0,1,0
1700,1,19,5,6,0,0
155,1,19,6,6,4,0
1761,2,2,3,3,0,0
602,2,4,4,0,4,0
1171,1,9,1,6,0,0
691,2,7,3,0,0,0
875,2,3,6,6,0,0
1011,2,20,3,0,6,1
1726,1,20,5,4,0,0
1296,1,9,5,0,4,1
1824,1,1,5,4,6,1
1271,2,15,1,1,2,0
1270,2,1,6,4,4,1
1593,1,18,1,0,6,1
1201,2,18,1,0,6,0
1074,1,17,1,1,0,1
654,2,17,6,2,1,0
1832,1,13,4,6,0,0
1993,2,11,5,0,0,1
264,2,17,1,6,1,0
999,1,13,1,3,4,0
78,1,15,3,3,6,0
1339,1,14,5,0,3,0
1504,1,11,4,1,6,0
838,2,20,6,3,0,0
1329,2,9,3,3,2,0
1285,1,17,1,6,1,0
230,2,10,3,6,3,0
468,2,15,2,0,0,1
546,2,2,4,0,6,0
1838,1,1,2,0,6,0
1402,2,15,3,0,0,0
1411,1,11,5,0,2,0
1460,2,16,3,6,3,1
992,1,15,3,1,0,0
1788,2,2,6,0,0,1
1160,2,13,4,3,0,0
842,2,5,2,0,2,0
131,1,2,3,0,3,1
1773,1,11,3,3,1,0
694,2,9,2,4,1,0
1983,1,18,5,1,6,0
1073,1,5,1,3,3,0
1145,2,19,4,0,3,0
1224,2,19,5,2,2,0
1041,1,3,3,6,1,0
362,2,7,2,1,1,1
1499,1,2,2,6,0,0
876,1,6,4,1,4,0
380,2,16,4,3,0,0
65,1,13,1,1,0,0
87,1,10,2,0,4,0
1666,2,14,1,6,0,0
681,2,15,6,1,1,0
1951,1,18,3,0,3,0
1372,2,3,5,1,0,0
661,1,17,6,3,1,1
1850,2,17,5,1,1,0
1515,1,6,1,1,0,0
1037,1,1,5,2,2,0
4,1,12,6,3,4,1
122,1,4,3,3,2,0
1077,2,20,4,4,0,1
13,1,19,4,0,3,1
107,1,16,3,2,1,0
714,1,5,5,0,3,1
1669,2,15,6,2,2,0
562,2,15,3,3,2,0
993,2,2,3,4,3,1
1034,1,5,5,0,0,1
1536,1,6,1,1,2,0
168,2,13,1,1,4,1
1531,2,18,3,3,0,0
207,2,11,6,4,6,1
1473,1,11,2,6,3,1
1769,2,4,4,1,4,0
1725,2,6,4,0,0,1
830,1,2,6,6,0,0
100,1,4,4,6,6,1
1961,1,7,5,0,1,1
375,2,6,4,6,4,0
1325,2,7,6,4,4,1
224,2,15,3,6,3,0
1381,1,2,4,3,0,1
1412,1,8,3,0,0,0
1078,2,1,6,6,4,0
903,2,11,4,6,3,1
1533,1,6,3,0,2,0
268,1,20,4,6,4,1
1143,1,12,6,1,0,0
970,2,6,4,0,0,1
576,1,11,3,3,2,0
360,2,11,1,0,0,0
1640,2,13,1,6,1,0
1547,2,14,6,2,6,0
719,1,1,1,2,0,1
908,2,5,5,0,0,1
391,2,4,4,4,6,0
1801,2,16,3,3,0,0
1926,2,15,5,6,4,0
1966,1,19,2,1,4,0
1114,2,7,4,6,4,0
1420,1,2,3,4,1,1
214,2,19,5,4,1,0
1716,2,1,5,3,4,0
974,1,11,3,0,3,0
1357,2,6,4,3,4,0
1361,2,10,5,4,6,1
797,2,17,5,1,3,1
1640,2,13,5,0,0,0
1871,1,18,4,2,6,0
1185,1,1,6,3,2,0
1439,2,17,1,1,6,1
813,1,14,6,2,4,1
1348,2,18,4,1,2,0
1099,1,6,2,6,3,1
129,1,1,5,4,4,0
177,2,18,2,0,0,0
1587,1,9,5,4,4,0
861,2,13,1,4,1,1
512,2,3,1,3,2,0
872,1,12,3,6,4,1
1958,1,17,4,1,0,1
1795,1,14,5,1,6,0
549,2,9,2,2,6,1
81,1,18,1,6,0,0
720,1,13,1,0,0,0
1513,2,12,3,2,0,0
1312,1,19,6,4,1,0
1266,2,18,5,1,3,0
20,1,8,6,6,1,1
173,1,5,5,3,3,0
1611,2,8,5,0,1,0
283,1,14,3,6,1,0
338,2,8,2,6,4,0
1383,2,5,6,6,0,0
1862,1,17,5,3,6,1
1152,2,3,5,0,4,0
1282,1,8,1,4,2,0
339,2,16,1,0,0,0
180,1,17,1,6,1,1
1358,2,20,3,0,4,1
1906,1,17,4,6,3,0
930,2,12,2,4,6,0
1477,1,8,5,0,1,0
198,1,1,6,1,3,1
887,1,8,4,1,4,0
1464,1,12,6,0,0,0
878,1,13,6,2,4,1
745,1,10,3,2,2,0
375,1,15,2,2,6,0
1012,1,4,5,4,2,0
1435,2,10,2,1,0,0
1378,1,20,2,0,1,0
1454,1,18,5,0,0,0
1241,1,18,2,1,1,1
294,2,12,2,2,4,1
1758,1,12,3,0,0,0
946,2,2,6,2,0,0
412,1,16,6,0,0,0
1629,1,11,6,1,2,1
1314,2,12,6,0,3,1
607,1,13,6,3,3,0
1244,1,20,3,3,6,1
1583,2,19,2,6,0,0
1099,1,9,5,0,0,1
1764,2,4,4,0,0,1
1274,2,17,1,0,4,0
236,2,8,5,0,0,0
1969,2,5,3,2,0,1
1376,2,4,5,1,0,0
163,2,14,1,0,0,0
976,2,19,2,6,2,1
497,1,1,5,4,4,1
115,1,14,6,1,0,1
1906,2,4,2,0,0,0
1759,2,11,1,4,0,0
582,1,9,2,0,2,0
736,1,3,5,6,3,1
1266,1,2,4,0,0,0
1309,1,4,6,0,4,1
1353,2,17,1,0,1,1
1008,1,2,5,3,4,0
1263,1,11,5,0,1,0
1104,1,2,2,4,0,0
709,2,6,4,0,2,0
77,1,9,4,3,0,0
567,1,10,3,6,0,0
414,2,10,5,4,4,1
268,1,2,4,0,2,0
390,2,15,5,0,4,1
521,2,5,5,4,4,1
340,2,12,1,1,0,1
1766,2,20,5,0,1,0
1578,2,8,1,0,3,0
1907,1,1,4,1,3,0
985,2,12,2,0,0,1
1136,1,12,2,6,1,0
108,1,4,2,6,0,1
593,2,12,3,3,0,0
449,2,8,4,3,1,0
772,1,11,3,2,1,0
1609,1,2,6,1,3,1
1625,2,13,1,0,1,0
1086,2,12,1,0,1,0
1527,1,19,3,0,0,1
99,2,14,2,2,2,1
1466,1,9,1,0,2,1
1873,2,4,2,2,6,0
963,2,7,1,4,4,0
748,1,9,3,2,0,0
1926,1,11,2,2,6,0
146,2,11,2,0,2,1
789,2,17,1,2,0,0
175,1,7,3,2,4,1
219,1,7,2,0,0,0
990,2,3,4,6,4,0
247,2,15,3,1,4,0
1988,2,18,6,1,0,0
1516,2,19,5,2,0,0
1232,1,1,1,6,0,1
304,1,14,2,6,0,1
353,2,9,6,2,1,0
1341,2,18,2,2,0,1
1606,2,17,1,6,3,0
528,2,2,3,2,0,0
403,1,10,3,4,4,0
1997,1,20,2,0,4,0
1310,2,6,4,1,0,0
1505,2,5,3,3,0,0
2000,1,18,1,6,3,0
964,1,15,5,0,0,1
1005,2,15,5,0,0,0
1540,1,18,3,3,1,0
1753,2,14,5,6,2,0
1206,2,13,3,2,6,0
1227,1,2,6,0,4,0
1970,2,14,6,3,1,0
1315,1,4,4,0,2,0
1073,1,3,2,3,4,0
1666,2,19,6,3,6,1
1484,1,7,1,4,6,1
1840,2,6,6,0,3,1
323,2,6,3,1,4,0
1124,2,3,4,4,0,1
727,1,9,4,2,1,0
259,2,17,2,4,0,1
333,2,19,5,6,3,0
252,2,18,6,1,4,0
1449,1,19,4,4,1,0
429,1,7,5,6,6,1
1554,1,14,1,0,0,0
1755,1,7,2,0,0,1
1699,2,17,2,2,3,1
562,1,1,4,2,3,1
1210,2,17,3,0,4,0
433,1,14,2,6,3,0
891,1,18,2,4,3,0
813,1,7,4,0,2,0
35,2,8,6,0,4,1
710,1,9,1,3,4,0
1242,2,20,2,3,0,0
1891,1,19,1,6,0,0
921,2,7,4,3,0,1
885,2,1,3,3,3,1
1952,1,15,4,2,1,0
1672,2,11,6,3,2,1
1375,2,8,5,0,6,0
1837,2,10,3,0,1,0
828,2,18,1,1,6,0
1022,1,9,2,6,3,1
188,2,6,1,1,6,1
1995,2,17,4,3,2,1
1816,2,16,1,2,0,0
1790,2,12,1,4,2,1
838,2,3,3,0,0,0
873,1,1,2,2,0,0
380,1,5,5,2,2,0
1460,2,6,6,0,1,0
412,1,2,1,6,1,0
1424,2,8,5,2,4,0
260,1,8,5,1,1,1
1077,2,4,6,3,2,0
712,2,20,6,6,1,0
734,2,4,1,0,0,1
1223,2,10,5,0,1,1
1038,1,18,1,4,0,1
1287,2,10,1,6,6,0
1509,1,4,4,6,0,1
1435,2,10,6,0,3,1
681,2,5,6,2,0,0
472,1,5,3,3,0,0
727,1,4,6,1,1,0
1354,2,11,2,2,6,0
1450,2,11,4,2,2,0
1468,1,12,5,6,0,0
909,1,9,3,3,4,0
1651,1,8,3,0,6,1
143,1,6,6,2,0,0
1258,2,10,3,4,1,0
257,2,18,1,3,4,0
1529,1,20,2,6,0,1
345,1,4,3,4,2,0
1975,2,2,5,1,0,0
147,1,4,2,3,4,0
923,1,14,3,0,2,0
1856,1,7,4,0,2,0
33,2,20,5,2,3,0
813,1,4,2,1,6,1
1794,1,2,4,4,3,0
1600,1,1,5,2,6,1
348,2,14,3,2,2,0
1145,1,1,6,1,4,1
566,2,4,6,1,3,0
1937,2,16,1,1,1,0
73,1,16,3,0,0,0
793,1,16,4,3,4,0
1098,2,2,3,0,1,0
365,2,15,2,0,2,1
1607,2,9,6,3,3,0
1313,2,18,6,0,6,0
1918,1,19,5,4,1,0
955,2,7,3,3,0,1
655,2,1,6,4,4,0
1133,1,17,3,3,0,1
506,1,18,3,3,3,0
1880,2,9,1,6,2,0
1704,2,4,3,4,1,1
205,1,15,4,2,0,1
32,1,7,2,2,1,0
1642,2,12,4,3,0,1
9,2,3,6,6,3,0
1275,2,17,3,6,2,0
653,1,18,3,0,6,0
1729,1,14,4,0,3,0
1003,2,17,4,0,4,1
1084,1,20,4,6,3,0
172,2,8,1,2,3,0
684,2,20,2,2,2,0
1953,1,17,4,6,4,0
1412,2,18,5,4,6,0
1413,2,18,5,0,6,1
858,2,5,4,2,1,0
823,1,19,5,0,3,0
237,2,15,5,1,3,1
1877,1,4,4,3,3,0
1636,2,18,6,0,1,1
1011,2,2,3,2,2,1
480,2,10,1,0,6,0
392,2,7,4,3,4,0
958,2,16,2,6,6,0
1348,2,2,1,0,6,1
1708,1,17,5,1,1,0
7,1,15,5,0,6,0
1384,1,17,2,2,3,0
1308,1,12,4,2,1,1
710,1,9,1,1,1,1
225,2,10,3,6,6,0
1471,1,11,2,2,6,0
403,1,18,6,6,1,0
779,1,2,2,4,0,1
1326,1,11,3,1,3,0
421,1,14,2,0,0,0
1222,2,16,4,0,0,1
1524,2,19,4,4,2,0
8,2,17,5,2,4,1
606,1,12,1,3,4,0
650,2,5,4,3,0,0
511,1,15,5,1,0,0
1654,1,9,2,1,4,0
1864,2,17,5,0,1,0
993,2,12,2,2,1,1
96,1,17,4,4,3,1
312,1,15,3,1,0,1
557,2,6,3,6,3,0
256,2,18,1,4,4,1
681,1,6,6,0,0,1
1714,2,3,3,6,1,0
1727,1,11,4,4,3,0
1994,2,4,6,4,2,0
362,2,5,6,0,0,1
322,1,11,2,1,1,1
759,1,4,1,0,3,1
1600,1,19,2,1,1,0
1246,2,7,6,0,6,0
1779,1,14,1,3,0,1
706,1,20,2,0,0,0
648,1,12,3,0,0,0
1189,2,5,1,6,1,1
97,2,9,5,6,4,0
962,2,13,1,4,1,1
1995,2,10,2,0,2,0
668,2,3,1,4,3,0
1889,1,8,5,4,1,0
806,1,10,4,2,0,1
1495,2,11,2,2,4,1
269,2,13,1,4,0,1
1379,1,20,4,0,3,0
214,2,12,1,4,0,1
1636,2,9,1,4,1,1
1660,1,14,3,2,4,0
412,1,12,2,2,0,0
1084,2,11,1,1,1,0
1364,1,7,5,3,2,0
1239,2,18,6,4,0,0
1278,2,6,6,4,2,0
1739,2,6,1,3,0,0
280,2,3,3,4,6,1
1651,2,15,6,6,6,0
1284,2,19,6,6,0,0
1487,2,5,6,0,3,0
1235,2,7,3,2,6,1
143,1,17,3,1,2,1
429,2,6,6,2,4,0
1198,1,14,4,6,3,1
110,2,7,6,4,0,0
1627,2,15,1,0,0,1
1554,1,14,4,2,4,1
308,1,3,1,3,3,1
84,2,12,4,2,4,0
337,2,11,5,4,4,0
1456,2,14,5,3,4,0
315,2,8,3,1,6,1
1085,2,19,3,4,0,0
8,1,5,1,3,0,0
1419,2,13,3,1,2,1
1195,1,3,5,0,1,0
1029,2,5,5,0,1,0
414,2,14,2,0,3,0
1049,2,5,5,4,6,0
763,1,18,4,2,4,1
999,1,3,1,0,6,1
212,2,5,2,3,0,0
1632,1,4,3,6,2,1
877,1,6,4,0,2,0
1143,2,14,5,0,0,1
1531,2,1,3,1,3,0
923,2,15,3,4,1,1
1928,1,7,5,4,6,0
1452,1,10,3,0,1,0
464,1,10,6,2,3,0
1236,1,7,4,2,0,0
165,1,8,3,2,6,0
1821,2,2,2,2,6,0
876,1,12,6,6,2,1
1654,1,20,6,1,0,0
1885,1,17,5,1,2,1
1038,1,19,6,1,6,0
1118,2,20,1,0,0,0
1497,2,4,3,0,2,1
1952,1,20,2,6,2,0
300,1,16,2,0,4,1
1993,2,6,3,4,6,0
530,2,6,6,0,1,0
85,1,9,2,1,1,1
1557,1,13,2,4,0,0
1255,2,7,5,0,0,1
1397,2,2,1,1,2,0
674,1,14,5,3,4,0
403,1,6,1,1,1,0
1577,1,5,6,0,2,0
1738,1,6,3,2,0,1
1594,2,18,6,1,4,1
1990,1,13,6,6,6,0
1364,1,7,3,2,0,1
63,2,1,1,6,2,0
1430,2,12,6,0,0,0
1892,1,1,2,0,2,0
637,2,2,3,1,0,1
1277,2,4,6,0,4,0
484,1,12,1,4,0,1
766,2,1,3,4,0,0
949,1,6,4,0,0,0
1394,1,17,3,3,3,0
1225,1,5,3,1,0,0
272,2,18,5,3,6,0
114,2,11,4,1,4,1
963,1,1,1,0,6,0
868,2,12,5,3,6,0
198,1,14,3,2,1,0
405,2,8,2,3,6,0
1748,2,6,2,3,3,1
1226,1,3,1,6,0,1
1333,2,12,2,3,0,0
936,1,6,6,0,0,0
1763,1,14,5,4,4,1
641,1,13,1,3,2,1
116,1,8,4,1,6,1
574,1,16,1,2,4,0
553,1,7,1,1,0,0
1764,2,14,5,4,3,0
303,1,16,6,6,0,0
1908,1,19,1,1,0,1
1535,1,13,3,1,0,1
1348,1,16,6,6,6,0
749,2,14,2,4,6,1
43,1,6,3,2,0,0
1777,1,3,1,3,2,1
1970,2,3,2,0,6,1
541,2,10,3,2,2,0
1696,2,17,1,6,6,0
1744,1,18,1,6,1,0
630,2,6,5,0,3,1
1205,2,14,6,4,0,0
154,1,20,6,0,0,1
1809,1,5,3,2,0,1
1802,2,10,2,4,4,1
1425,2,19,2,0,1,0
1835,2,17,2,2,1,1
1457,2,15,1,4,2,0
736,2,19,4,0,2,0
1191,2,10,3,4,0,0
88,1,4,1,6,0,0
654,2,5,3,6,3,0
1159,1,10,6,2,6,0
1444,2,20,5,1,0,0
1173,1,18,1,3,2,1
941,2,19,6,1,6,1
809,2,9,4,3,2,1
1406,2,10,2,6,1,0
570,2,18,2,4,6,1
779,2,19,2,6,1,0
1092,1,5,6,3,1,0
647,1,20,1,6,3,0
849,2,5,2,1,3,0
519,1,19,1,0,6,1
411,1,7,6,3,3,1
669,1,16,5,6,4,0
1539,2,13,1,0,0,1
661,1,16,2,0,1,0
825,2,19,6,4,4,0
77,2,6,4,4,1,1
1102,2,13,5,2,3,1
1170,1,19,2,1,2,0
1111,2,16,6,0,1,1
827,1,19,4,3,4,1
1359,1,19,1,6,1,0
1427,2,3,4,4,6,0
1980,1,7,4,0,6,0
1453,1,19,1,1,2,1
1822,2,8,3,6,0,0
665,1,13,2,0,0,1
1249,2,6,5,0,4,1
1435,1,3,2,0,1,0
1674,1,8,5,0,0,0
1587,2,5,2,1,0,0
417,1,14,6,3,0,0
1570,2,10,1,0,6,0
412,2,18,6,0,2,1
1801,2,6,2,1,0,0
1425,2,5,2,1,4,0
315,2,11,4,2,0,0
570,2,12,6,4,6,0
1405,2,2,2,2,6,1
246,2,1,2,4,0,0
1690,2,16,6,6,1,0
1944,2,7,5,4,0,0
299,1,19,2,3,2,1
1390,1,17,3,0,2,0
376,2,4,4,0,3,0
1837,1,8,4,1,0,0
78,2,15,4,3,6,0
1851,1,1,5,6,6,1
1815,1,12,2,6,0,0
119,1,14,2,6,0,0
1581,2,7,1,2,1,1
1900,1,2,1,1,3,0
442,2,3,3,6,4,1
1887,2,13,2,6,0,0
1332,1,13,6,2,6,0
179,1,7,4,2,0,0
1319,2,14,4,2,0,0
1848,1,1,2,4,3,1
1833,1,7,5,1,2,0
95,2,18,1,2,1,1
304,1,4,4,6,6,0
19,2,15,5,2,2,1
175,2,7,4,0,0,0
534,1,9,2,2,6,0
1920,2,13,1,0,1,0
1012,1,16,3,1,6,0
265,2,3,1,4,0,1
1317,1,3,5,0,0,1
985,2,7,2,0,1,1
203,1,15,4,0,2,0
288,1,20,6,2,1,0
1596,2,15,1,3,3,0
984,1,14,2,0,3,1
995,2,16,2,0,3,0
1523,1,20,2,4,2,0
1960,1,19,6,6,1,0
1277,1,7,3,4,4,0
1221,1,11,2,6,0,0
1588,1,7,1,0,2,1
1012,2,11,1,0,3,0
1519,2,10,4,6,2,1
1816,2,12,2,4,2,0
1459,1,14,5,0,0,0
612,1,16,4,1,3,1
1892,2,18,3,0,4,0
1393,1,3,5,6,2,0
915,1,3,3,4,0,0
1193,2,1,1,6,2,1
828,1,3,4,0,2,1
1238,1,8,6,6,0,0
809,1,5,4,1,4,1
1857,1,8,5,3,0,1
357,1,5,3,1,0,1
1799,1,10,5,4,2,1
770,1,2,6,2,1,1
519,1,4,4,0,1,0
1897,2,4,1,1,4,0
1847,1,5,5,2,6,0
1956,2,2,4,6,4,1
654,1,5,2,2,3,1
1749,1,17,5,3,0,0
1076,2,16,3,4,6,1
1400,2,13,3,1,0,0
1662,2,18,3,6,0,1
748,2,19,4,2,3,0
763,1,13,4,2,0,0
1163,1,6,2,2,1,1
416,2,13,6,2,4,1
1447,1,16,2,0,3,1
382,2,9,4,1,3,0
1055,2,4,3,0,3,0
1244,2,8,1,4,6,0
1724,1,12,6,0,2,0
169,2,13,5,1,3,0
1364,1,11,2,6,0,0
1184,2,9,6,2,1,0
1238,2,4,2,1,1,1
876,1,16,1,6,4,0
1434,2,18,1,4,1,1
742,1,4,5,3,0,0
1039,1,6,3,4,3,0
1991,2,20,4,1,2,1
1434,2,1,4,4,6,0
1054,2,10,5,6,4,0
1416,1,11,2,2,2,1
1572,2,9,2,0,6,1
557,2,17,1,6,0,0
1233,2,5,3,0,1,0
1065,1,14,6,6,0,0
539,1,7,1,3,1,0
900,1,5,2,0,3,0
1946,1,9,6,0,0,0
1837,2,13,6,1,0,0
927,2,17,3,1,2,0
1232,1,13,2,2,2,0
506,1,2,3,6,0,0
580,1,2,1,1,6,0
965,1,10,3,6,0,1
198,2,10,1,4,0,0
360,1,2,5,0,1,0
279,1,16,3,0,0,0
1379,1,15,5,3,2,0
1058,1,15,6,4,0,0
1194,2,14,6,4,6,0
1034,1,19,4,0,6,0
883,2,7,4,6,6,0
178,2,16,1,0,0,1
218,2,9,4,0,1,1
714,2,7,5,0,1,0
1179,1,19,2,2,0,1
1802,1,10,5,3,0,1
1362,2,5,5,3,2,0
467,1,20,5,0,0,1
1948,1,6,4,6,6,0
1398,1,17,1,4,0,1
1481,2,2,3,0,0,0
104,1,13,4,6,3,0
917,2,16,1,6,1,0
1395,1,12,6,3,1,1
1780,1,13,5,2,2,1
1430,2,19,1,0,3,1
1172,1,4,3,4,2,0
171,2,15,2,4,0,1
1406,1,12,5,0,2,0
577,1,4,2,6,0,0
32,2,19,4,2,4,0
115,2,4,6,2,2,1
844,2,18,6,6,2,0
369,2,16,3,3,1,0
237,2,12,5,4,6,0
873,2,8,3,2,6,0
740,1,12,2,0,0,1
882,2,13,3,0,2,0
520,1,5,5,2,4,0
1760,2,10,2,2,2,0
655,2,4,3,0,6,1
1841,1,20,1,0,0,0
150,1,18,4,3,2,0
1608,2,10,2,0,0,0
399,2,12,1,2,6,1
393,2,3,6,1,4,1
484,2,19,5,3,0,1
737,2,6,3,4,0,0
24,1,16,5,1,4,0
1007,1,13,4,1,0,0
1960,2,11,1,6,3,1
1509,2,4,4,0,0,0
339,2,18,2,0,4,0
796,2,3,1,6,0,0
387,2,3,1,4,2,0
1172,2,15,3,3,6,1
1625,2,11,1,0,2,1
1472,2,9,3,2,6,0
1495,1,4,1,1,1,0
1903,1,13,1,2,3,0
1998,1,15,6,2,0,1
546,2,8,4,0,4,0
247,2,17,5,3,0,1
368,2,5,3,4,1,0
1759,2,9,2,0,0,0
339,2,7,5,0,6,0
1410,2,6,6,6,6,0
1254,2,16,2,0,4,0
659,1,18,2,1,2,0
466,2,4,6,0,1,0
541,2,15,3,4,2,0
1460,1,14,2,6,6,1
1591,1,3,5,4,6,0
446,2,15,1,0,0,0
652,1,17,6,4,0,1
983,1,19,6,0,4,0
805,2,4,1,2,3,1
755,2,3,5,4,6,1
29,2,1,3,0,2,0
1787,1,17,4,3,1,1
1279,2,10,1,2,6,1
901,2,4,5,3,0,0
1485,1,17,6,0,3,0
213,2,12,4,3,1,1
1807,1,4,5,6,0,0
1404,2,15,3,0,1,0
760,2,4,6,6,1,0
1500,1,4,4,1,0,1
1990,1,19,6,4,4,0
489,2,20,6,0,4,0
966,1,15,3,6,6,1
1975,2,19,4,3,4,0
1607,2,12,6,4,3,1
1596,1,15,6,1,1,1
439,2,19,6,2,0,0
1541,1,18,2,2,0,1
1664,2,20,1,0,3,0
627,2,20,1,0,4,0
670,2,7,4,0,6,0
264,2,5,3,4,4,1
65,1,10,1,0,3,0
136,2,19,6,0,1,0
310,1,16,6,0,3,0
962,2,17,5,4,2,0
1534,2,1,6,4,0,1
347,1,4,5,4,2,1
891,2,16,3,6,3,0
309,1,7,6,3,0,1
676,2,6,2,1,1,0
551,1,19,3,1,0,0
1560,1,12,6,2,6,1
481,1,19,6,0,4,1
1917,1,2,4,6,6,0
31,1,6,6,3,4,0
1162,2,8,2,3,0,0
1038,2,5,1,3,0,1
1185,2,18,4,2,3,1
200,1,15,6,2,1,0
1180,2,4,4,1,3,0
1235,1,15,2,0,1,0
1488,1,8,1,0,2,0
123,2,14,6,2,1,0
1035,1,20,5,6,0,0
1543,2,2,5,1,4,0
863,2,12,1,3,4,0
254,1,19,3,3,0,1
1124,1,2,5,1,3,0
329,2,18,3,2,6,1
179,1,20,3,6,0,1
751,2,16,1,0,0,0
1461,1,4,5,0,2,1
387,1,2,1,0,6,1
366,1,4,2,0,4,0
491,1,17,6,0,6,0
129,2,7,3,1,4,0
851,2,2,3,3,3,0
1454,1,8,5,0,1,1
365,1,4,3,3,3,0
35,1,19,4,6,0,0
1283,2,4,3,3,1,0
293,1,5,4,2,0,1
737,1,19,4,2,0,1
366,2,2,1,6,4,0
465,1,15,5,1,0,0
1814,1,6,5,3,3,0
914,1,16,6,2,3,0
1193,2,1,4,2,3,1
1720,2,18,1,0,1,0
1511,1,13,6,1,6,0
567,2,4,3,0,4,0
251,1,12,6,2,4,0
1952,2,12,6,6,0,0
336,2,1,6,4,0,0
724,1,2,3,3,1,1
1320,1,4,5,3,6,1
1999,1,17,5,0,3,0
1484,1,9,3,3,3,0
1597,2,13,2,0,1,1
221,1,7,1,0,6,0
1072,1,20,4,0,0,0
1930,1,14,1,1,2,0
321,2,2,6,0,6,0
675,2,1,3,0,4,0
1510,2,7,5,0,0,0
1274,1,8,6,3,0,0
320,1,3,2,2,4,0
1438,1,14,6,4,4,1
1289,2,4,6,2,0,0
1000,2,3,3,4,6,1
1593,1,2,6,4,0,0
1611,2,10,1,3,4,0
1388,1,19,4,3,1,0
1907,1,11,1,3,1,0
1888,1,10,4,6,0,0
1249,1,7,6,3,3,0
1383,1,6,4,3,3,1
1311,1,2,4,0,6,0
18,2,13,3,0,1,0
319,2,15,2,4,3,0
52,1,10,2,4,0,0
1758,2,5,6,1,3,1
188,2,15,5,6,6,0
954,2,14,2,2,4,0
1977,2,6,6,3,6,1
1508,2,1,6,1,6,0
1706,1,4,5,4,1,0
822,2,3,3,0,4,1
552,2,9,6,0,4,0
971,1,15,5,2,2,0
1210,1,5,4,2,3,1
68,1,8,6,6,3,0
617,2,8,2,4,6,0
1291,2,8,3,0,0,1
51,1,3,6,1,4,0
506,2,8,1,0,3,0
673,2,14,2,0,0,0
543,2,9,4,1,0,0
1918,2,13,1,0,4,0
1798,2,16,6,2,2,0
1701,2,1,5,0,4,0
810,1,15,5,3,4,1
1365,2,1,2,3,0,0
1005,2,15,4,1,0,1
946,1,3,3,1,0,0
1581,1,5,4,2,2,0
368,1,1,2,2,6,0
1959,1,20,2,4,1,1
1205,2,12,6,0,1,0
1972,2,7,2,2,1,0
140,1,1,5,3,3,0
584,2,20,6,6,1,0
1994,2,15,3,2,6,0
110,1,10,3,0,3,0
1344,1,1,1,1,3,0
1388,2,7,1,1,0,0
1470,1,10,1,0,0,0
1528,1,16,1,0,2,0
1907,2,14,1,6,0,0
685,2,20,4,1,4,0
546,1,9,6,1,2,1
1421,1,7,3,2,0,0
225,1,8,6,4,6,0
1612,1,16,2,4,2,0
538,2,2,2,6,2,1
1273,2,17,3,1,2,0
258,1,15,4,3,4,0
1250,2,15,2,4,6,1
931,1,17,2,1,3,0
1260,1,12,1,0,0,0
54,1,16,1,4,1,0
587,1,7,3,4,4,0
1706,1,20,5,0,0,1
1140,1,3,5,3,1,0
96,2,16,3,3,0,0
1634,2,8,2,4,4,0
89,2,14,4,6,4,0
624,1,9,4,0,1,1
432,1,18,1,3,3,1
1381,1,4,5,2,6,0
1630,1,8,2,1,6,1
1311,2,20,4,4,2,1
1162,2,12,4,3,0,0
659,1,15,6,4,4,1
733,2,6,4,4,4,0
783,2,4,3,6,4,0
566,1,11,4,0,4,0
184,2,4,4,3,6,0
1704,2,19,5,6,3,1
223,2,12,3,0,0,1
62,1,15,2,6,4,1
756,2,1,3,4,3,0
960,2,11,1,6,4,1
901,1,5,1,2,0,0
395,2,10,6,0,4,1
1426,2,15,4,3,6,0
750,1,19,5,1,0,0
1524,1,11,5,0,3,0
1622,2,5,5,3,3,0
926,1,1,5,1,3,0
239,1,6,3,6,0,0
1264,2,15,3,6,6,0
1286,2,2,1,3,0,1
767,1,10,5,2,4,1
1166,1,19,3,0,6,1
954,1,12,4,4,0,0
1775,2,19,4,2,3,1
1201,1,3,3,0,0,0
1268,2,7,6,3,2,0
1526,1,20,5,1,0,1
557,2,7,4,2,6,0
1236,1,20,5,0,1,0
124,2,10,3,0,1,0
1856,1,13,5,6,6,0
1381,1,1,1,2,2,1
100,2,16,5,6,6,1
216,2,7,1,0,4,1
240,2,16,6,0,2,0
1442,1,9,5,4,1,0
750,1,20,2,4,3,1
969,2,6,4,6,1,0
1723,1,4,4,3,4,0
947,2,1,5,3,1,0
1321,1,5,5,6,3,0
614,2,19,6,0,4,0
309,1,2,4,1,0,1
1360,1,9,4,2,0,0
1185,2,6,3,1,1,0
1205,2,13,6,2,1,1
1955,1,14,1,2,3,1
1442,2,5,4,0,4,1
867,2,6,3,3,6,1
375,1,3,3,0,0,0
109,2,10,2,4,1,1
743,2,15,2,3,3,0
1654,1,19,6,6,0,0
351,1,2,3,1,1,0
416,1,4,6,3,4,0
1465,2,1,6,0,4,0
645,2,5,5,6,6,1
1679,2,5,3,0,4,0
1224,1,7,5,0,6,0
677,1,15,6,3,1,1
944,1,11,2,0,0,0
1410,2,17,5,3,3,0
1770,2,15,3,0,1,0
1209,2,2,5,0,6,1
907,1,20,5,3,6,0
626,2,4,3,2,3,1
1194,1,16,3,2,3,1
1999,1,11,1,4,2,0
1902,1,1,1,4,1,0
1572,2,10,6,0,1,0
1465,1,12,4,2,6,1
1913,2,16,2,4,0,0
1216,2,3,3,6,6,0
1548,2,13,5,1,4,0
1486,2,3,1,2,4,0
1101,2,5,1,6,1,0
1822,1,12,1,3,6,0
1375,2,11,2,0,6,1
1007,1,16,1,6,4,0
973,1,3,4,1,1,0
1425,2,14,3,0,1,0
839,1,15,3,2,2,0
1213,1,6,1,0,0,0
783,1,17,6,3,6,0
700,2,10,4,0,3,0
458,2,19,5,2,6,0
983,1,1,5,0,0,1
751,2,15,2,1,1,0
1964,1,13,1,0,0,0
972,1,15,1,1,6,0
133,2,19,2,1,0,1
215,2,7,6,1,0,1
84,1,16,2,6,0,1
801,2,16,2,1,2,0
1555,1,20,3,0,2,0
1777,2,12,4,3,0,0
1954,2,7,6,1,1,0
1264,2,18,5,3,3,0
85,1,15,5,4,1,1
5,2,11,3,6,0,1
731,1,19,2,3,1,0
529,1,3,4,0,6,0
641,1,4,1,2,3,0
935,2,17,1,6,0,0
452,1,15,1,3,6,0
281,1,17,6,0,3,0
1394,1,18,6,3,0,0
1536,2,7,4,0,6,0
224,2,2,4,4,0,0
1923,2,5,5,0,0,0
217,1,14,6,3,0,0
1231,2,2,5,3,4,0
1373,1,3,6,3,4,0
1977,1,16,2,0,3,0
194,2,13,5,6,3,1
1608,1,18,4,3,2,1
214,1,13,6,3,3,0
1599,2,1,5,0,3,0
73,1,14,4,1,2,0
52,1,2,3,1,6,0
1794,2,15,1,2,1,0
958,1,3,3,2,4,0
1734,1,9,4,4,6,0
916,1,3,3,1,4,1
45,1,3,3,3,0,0
1131,1,13,1,6,3,0
377,1,11,4,6,2,0
754,2,12,1,4,1,0
571,1,20,4,4,1,0
1768,2,2,5,6,0,0
1882,2,8,2,6,1,0
423,1,11,2,2,3,0
1607,1,10,3,4,4,0
1271,2,11,3,3,0,0
1174,1,20,2,0,6,0
1329,2,11,6,3,2,0
593,2,13,5,3,0,0
898,1,8,4,2,2,0
694,1,5,6,6,6,0
1852,1,20,5,6,0,1
1740,2,16,1,6,3,1
291,1,19,3,4,0,1
1950,2,14,1,2,4,0
883,1,10,1,4,0,1
37,2,20,5,1,3,0
1006,2,17,3,0,6,0
1030,2,17,6,4,4,0
1331,2,18,4,0,3,0
975,1,14,5,3,0,0
1569,2,2,3,4,4,0
29,2,16,3,2,1,1
1040,1,1,3,2,2,0
1517,2,8,3,2,0,0
1404,2,4,4,3,0,0
57,1,18,2,6,2,0
58,2,6,3,3,0,0
1647,2,14,1,3,0,0
2,1,8,3,4,3,0
1536,2,12,2,3,2,1
541,2,19,3,2,0,0
1525,1,2,6,3,1,0
240,2,4,1,1,2,0
316,1,18,4,4,0,0
840,1,17,6,6,3,0
616,1,17,4,3,1,0
1354,1,2,4,0,2,0
828,1,18,2,6,0,1
1873,2,9,6,1,6,0
496,1,3,1,0,0,0
1378,2,13,3,2,0,0
410,1,15,2,0,3,1
92,2,6,3,6,3,0
1552,1,6,5,4,1,0
772,2,2,4,4,2,1
285,1,10,3,1,0,1
515,1,11,5,0,0,0
747,1,15,3,1,0,1
281,1,4,1,6,0,0
1887,2,6,6,0,1,0
1709,2,20,5,0,0,1
892,2,5,4,4,0,0
1380,1,18,2,2,3,0
1526,1,4,2,0,0,1
228,2,17,1,2,0,1
534,1,13,6,3,2,1
930,2,3,4,0,2,1
1469,1,9,1,0,0,0
1851,2,8,3,0,3,0
961,2,8,4,0,1,1
812,1,16,5,4,0,0
825,1,13,4,2,3,0
762,2,20,4,3,0,0
984,2,11,2,4,6,0
1133,2,12,5,3,6,0
304,1,14,6,1,6,0
1451,2,10,2,0,0,1
637,2,2,1,0,0,1
710,1,13,1,4,4,1
67,1,15,3,6,0,0
1457,1,18,4,1,4,0
1215,1,4,5,0,2,0
1017,1,16,2,2,0,1
392,2,3,1,2,2,0
1216,2,10,3,0,0,0
1392,1,20,5,4,1,0
1991,2,1,4,6,6,1
508,1,17,4,0,6,0
1450,2,17,6,4,6,0
1690,2,14,2,2,0,1
620,2,12,4,2,1,1
362,2,7,3,2,3,1
1659,1,17,4,3,0,1
470,1,1,1,6,0,1
1176,1,1,3,0,4,0
706,2,14,2,0,3,1
152,1,18,3,2,0,1
522,1,7,6,6,1,0
1842,1,4,6,0,0,0
505,2,8,6,1,0,1
983,1,9,1,0,3,1
1592,1,20,3,2,6,0
1106,2,4,6,3,3,1
234,1,4,1,3,3,0
1936,2,15,1,0,0,0
1548,2,19,5,6,0,0
537,1,12,3,0,2,1
320,2,16,5,1,1,0
842,2,2,6,1,3,0
409,1,5,4,0,1,0
183,2,6,5,0,1,1
32,2,6,4,6,3,0
372,2,3,2,6,3,0
1726,1,11,6,2,2,0
915,1,4,4,3,2,0
303,1,1,5,3,0,1
442,1,15,5,0,0,1
592,1,15,2,4,4,0
1568,1,10,5,4,1,0
1462,1,11,1,0,6,0
1768,2,4,4,0,4,0
1081,2,8,5,1,0,1
1975,2,19,3,6,3,1
1396,2,6,2,0,1,1
219,2,18,1,4,0,0
1159,1,19,3,0,0,1
1358,2,18,1,1,6,0
1104,1,17,2,2,2,1
755,1,9,4,1,1,0
950,1,12,3,0,3,0
1018,1,5,3,2,0,0
1855,2,14,5,3,3,1
1056,1,15,5,6,3,1
1687,1,9,4,3,4,0
1956,2,15,5,2,6,0
1726,1,1,1,0,2,0
509,2,13,5,0,0,0
1559,1,8,6,2,4,1
979,2,3,6,0,0,1
1287,2,7,4,1,0,1
917,1,2,3,2,4,0
263,1,14,4,1,1,1
1764,2,6,4,3,4,1
425,1,1,5,4,4,1
1423,1,16,3,4,3,0
1454,1,17,1,0,3,0
1551,1,13,3,3,3,0
390,2,17,5,0,2,1
1059,1,4,5,0,2,1
372,1,13,3,0,1,0
1549,1,3,4,1,1,0
1827,2,1,5,4,6,0
147,2,14,5,4,3,1
850,1,19,2,0,3,0
4,2,10,1,2,3,0
662,1,1,4,0,0,1
485,1,1,5,1,0,1
991,1,15,6,3,6,0
72,2,8,4,4,0,0
1463,2,15,3,2,1,0
1875,1,7,4,6,4,0
874,1,6,4,4,1,0
1779,1,19,5,0,4,0
1621,1,7,1,1,1,1
1845,1,18,1,4,2,0
1249,2,18,4,3,6,1
680,2,19,6,1,6,1
1014,2,8,1,0,6,0
486,1,14,2,1,6,1
825,1,7,6,0,4,0
199,1,18,1,3,1,0
554,1,5,3,1,6,0
806,1,11,1,0,3,0
581,2,17,2,0,2,1
1894,1,9,2,6,3,0
1967,1,2,6,0,1,0
121,1,20,6,0,1,0
1020,2,19,2,0,3,1
1300,1,11,1,0,3,0
437,2,15,6,1,2,0
1664,2,2,2,3,1,1
1296,1,14,6,0,0,0
1267,1,19,3,4,2,0
1838,2,8,1,0,4,0
485,1,2,6,0,2,0
151,1,11,6,1,6,0
369,1,12,6,0,1,1
1144,1,15,5,6,3,0
553,1,18,2,4,1,0
1527,1,17,2,0,1,0
1899,1,20,3,0,0,1
884,2,4,1,6,6,0
1772,1,13,2,0,0,0
1595,2,10,2,6,6,0
289,2,2,3,3,2,1
733,1,11,1,4,2,0
865,2,10,4,6,1,0
1998,2,16,2,0,3,0
1849,1,14,3,3,3,0
1904,1,9,6,4,6,1
1442,1,20,2,2,2,0
199,2,15,5,2,0,0
869,2,3,2,4,1,1
1551,2,18,4,0,0,0
1217,2,17,1,3,1,0
1721,2,5,3,4,2,0
75,2,12,2,2,3,0
500,2,16,6,0,0,0
1357,2,17,4,3,3,0
170,2,19,6,3,2,0
963,2,2,6,1,2,0
100,2,3,1,1,1,0
650,1,9,1,3,0,0
1883,1,16,6,6,6,1
1496,2,18,4,0,4,0
78,1,15,5,0,1,0
1492,2,5,5,0,0,0
1264,2,17,6,0,6,0
351,2,3,4,1,3,1
1471,2,8,3,3,0,1
1902,2,6,1,2,2,0
21,1,3,3,0,4,1
479,2,7,4,2,2,0
130,1,12,2,1,0,1
988,2,8,3,6,6,0
987,1,10,3,0,3,1
1297,2,18,3,0,6,0
870,2,20,4,0,2,0
1313,1,17,1,1,6,0
665,2,13,6,0,0,0
1733,1,9,2,6,4,0
1776,2,18,5,4,0,0
276,1,2,2,2,6,1
1038,2,9,4,0,1,0
1552,1,8,2,0,1,1
138,2,7,1,0,6,0
330,1,6,2,6,0,0
742,1,3,4,0,0,1
1671,2,9,4,0,4,1
899,2,11,2,0,4,1
1171,1,11,3,0,0,1
1441,1,12,6,0,0,1
1106,2,14,5,2,2,0
1638,1,10,6,3,0,0
1106,1,6,3,1,6,0
1940,1,9,3,3,4,0
738,2,5,4,0,0,1
1728,2,7,6,2,0,0
1583,2,16,1,0,1,0
785,1,7,1,1,1,1
1034,1,14,3,2,4,0
91,1,5,6,1,3,0
263,1,10,1,0,2,0
1198,1,7,1,0,0,0
1337,1,13,1,4,6,1
1133,1,10,6,1,3,0
514,2,6,1,4,1,0
756,1,2,5,2,6,1
1373,2,20,5,3,3,1
471,1,15,5,2,6,0
1316,1,9,2,1,4,0
1705,2,13,2,6,1,1
979,2,7,4,0,4,0
1903,2,2,6,3,1,0
148,2,2,5,2,2,0
225,1,20,4,6,2,1
604,1,20,6,4,4,0
810,1,16,6,3,1,1
825,2,20,6,4,1,0
1121,1,6,2,0,0,0
729,2,19,6,0,0,1
1983,1,18,2,2,3,1
1259,2,11,6,4,0,0
522,1,19,5,0,0,1
566,2,7,2,2,3,1
450,1,12,5,2,1,0
471,2,4,4,2,6,0
148,2,14,4,2,2,0
1934,1,3,5,4,1,0
505,2,15,3,4,3,0
592,2,5,1,0,1,0
1148,2,19,1,6,2,1
916,2,9,3,6,0,0
215,1,18,6,1,3,1
1055,2,4,3,0,3,0
1548,1,2,4,0,1,0
1861,1,4,3,0,3,0
1957,2,13,4,2,0,0
680,1,20,3,3,1,1
1888,1,16,4,6,6,1
753,2,18,5,2,0,0
728,2,7,3,0,0,0
11,1,18,5,3,6,1
190,1,17,2,4,0,0
1138,2,5,6,4,0,0
1004,2,12,3,4,6,1
1862,1,7,1,3,0,1
1921,2,12,4,0,3,1
1264,1,15,5,0,0,0
192,2,3,4,0,0,0
434,2,15,5,4,3,0
618,1,1,5,0,4,0
1646,2,11,1,4,6,1
1094,2,4,5,4,6,0
949,1,12,4,6,3,1
1972,2,6,6,0,2,0
535,1,12,4,3,2,0
1851,1,11,5,4,2,0
504,1,11,5,1,1,1
214,2,17,2,1,1,0
342,1,7,4,2,1,1
908,1,12,4,6,2,0
1342,1,13,5,3,3,1
1604,1,8,2,0,2,0
53,1,4,4,3,4,0
688,2,14,2,4,0,1
179,2,11,3,0,1,1
1976,2,1,6,3,6,0
328,1,13,3,0,2,1
97,1,13,4,0,1,0
310,1,14,6,6,0,0
1327,2,1,4,1,6,0
315,2,10,6,2,0,0
1931,2,10,6,2,4,0
611,2,18,4,3,4,1
1400,2,7,1,3,2,0
920,2,19,1,1,1,1
1528,2,20,3,0,3,1
1494,2,16,1,0,1,0
1084,2,17,1,0,1,0
1591,1,5,4,0,6,1
480,1,6,3,0,6,1
656,1,12,5,2,2,1
854,1,19,4,1,3,1
1069,1,2,6,0,3,0
315,1,3,1,3,4,1
1210,1,17,6,1,3,0
1726,1,10,2,2,3,1
435,2,11,2,0,6,0
1256,1,19,1,3,0,0
1392,2,6,1,2,6,0
1135,1,8,4,2,3,0
356,1,17,4,6,0,0
1956,2,16,1,4,0,0
1401,1,18,6,1,0,0
1352,1,19,4,1,0,0
1500,2,1,1,4,1,0
126,2,18,6,0,4,1
1047,1,8,1,1,2,0
1752,2,8,4,2,1,0
1900,2,5,1,1,6,0
494,1,4,1,0,0,0
55,2,12,2,3,0,1
162,2,6,1,0,2,1
708,1,8,6,3,6,0
314,2,3,3,2,0,0
1443,2,1,3,0,4,1
1612,1,17,3,6,1,0
1130,2,8,5,0,4,0
298,2,12,4,0,2,0
826,1,12,4,1,1,1
956,1,14,1,2,3,1
697,2,9,5,6,0,0
1824,1,10,5,3,2,1
992,2,9,4,0,4,0
820,2,2,6,1,6,1
699,2,13,3,3,2,1
1053,1,7,4,6,2,1
1765,2,14,5,6,0,0
152,1,12,1,4,6,1
1102,1,5,1,4,6,0
665,2,12,4,6,3,0
559,1,1,4,1,2,0
1965,2,17,3,0,0,1
170,2,4,2,0,4,0
449,2,5,1,2,3,1
1856,1,9,2,6,2,0
369,1,4,2,0,0,0
534,2,1,3,2,1,1
710,1,14,6,6,0,0
657,1,14,3,0,3,1
1795,1,13,5,1,0,0
277,2,19,6,1,1,0
1165,2,6,4,0,4,0
1678,2,4,6,6,6,0
1212,2,6,6,4,0,0
1173,2,6,6,2,0,0
1389,1,12,6,4,2,1
886,2,5,5,0,2,0
497,2,10,4,6,4,1
1345,2,20,6,0,4,1
536,1,8,2,6,0,0
1761,2,6,5,3,2,1
410,1,5,3,0,6,0
965,1,14,3,0,0,0
741,1,3,5,2,0,0
1743,1,18,2,6,3,0
185,2,17,3,6,3,0
1948,2,7,2,6,3,0
1221,2,8,5,0,0,0
1441,1,1,5,0,1,1
1877,2,14,3,6,0,0
112,2,5,4,4,3,0
1102,1,3,1,2,0,0
480,1,20,2,4,2,0
649,2,1,4,2,6,0
146,1,8,3,4,4,0
469,2,10,1,1,0,1
1804,1,19,3,1,4,0
1773,2,2,3,6,3,0
1500,2,9,4,3,2,0
1333,1,11,6,4,1,1
671,1,5,2,0,2,0
1446,2,5,6,6,0,0
1825,2,7,1,4,3,0
1551,2,10,4,0,0,0
979,2,10,4,2,0,0
1611,1,8,2,4,0,1
1098,2,5,5,0,3,0
998,1,13,5,4,0,1
229,2,10,1,0,2,0
1785,2,9,5,4,4,1
1477,1,5,4,3,6,1
712,2,20,1,1,3,1
1369,2,6,5,2,0,0
1870,2,19,6,3,1,0
1780,1,13,3,2,4,0
1299,2,10,6,2,1,0
1169,1,9,5,2,4,0
618,2,12,6,0,2,0
389,2,3,6,0,3,0
422,2,17,3,6,6,1
83,2,1,3,0,0,0
1956,2,6,4,3,0,1
1553,1,13,4,3,0,0
1534,2,19,4,3,0,1
1618,2,2,5,0,0,1
799,1,5,3,0,1,1
265,2,11,4,4,2,0
440,2,10,6,1,0,0
1652,2,4,5,1,1,0
762,2,3,4,0,3,1
55,2,14,4,3,6,0
962,2,13,2,3,4,0
1294,2,18,5,0,0,0
827,1,20,2,1,6,0
1234,2,5,2,3,6,0
727,2,11,4,0,1,0
700,1,9,3,6,0,0
259,1,4,5,4,2,0
225,2,8,1,6,4,0
1444,2,17,4,4,2,0
1809,2,15,4,0,3,0
84,1,7,5,6,1,1
437,2,10,4,0,6,1
787,2,15,4,3,2,0
1159,2,8,3,2,3,1
1921,1,12,5,6,0,1
199,2,7,3,6,0,0
258,2,17,5,4,1,0
740,2,11,2,0,3,0
213,1,16,5,3,1,1
833,2,6,4,0,4,0
1115,2,9,1,4,0,1
1873,1,16,1,2,2,0
726,2,16,4,4,3,0
801,1,5,3,2,2,0
866,2,7,2,2,0,1
880,2,15,4,4,0,0
1453,1,12,4,1,2,0
1254,2,4,1,0,0,0
898,2,11,6,0,1,0
1855,1,15,1,1,1,1
1501,1,2,6,6,6,0
330,1,5,2,6,6,0
1767,1,15,3,4,0,0
1401,2,7,4,3,0,0
1605,2,5,5,3,0,0
1516,2,13,1,4,6,1
1713,2,5,4,0,3,0
198,1,12,5,3,1,0
1817,2,14,3,6,1,0
738,1,19,5,6,6,1
301,1,8,5,1,4,0
1028,1,6,1,3,0,0
96,2,17,1,6,2,0
1682,2,12,4,2,2,0
99,1,5,4,1,0,0
1834,1,13,6,0,6,1
30,1,13,5,1,6,1
1061,1,14,1,4,2,1
86,1,17,4,6,3,1
1242,1,6,3,4,2,0
1408,2,10,3,3,1,0
457,2,15,5,0,4,0
1622,1,15,4,6,3,0
1043,1,18,2,0,1,0
952,1,20,5,2,0,0
651,2,7,3,1,3,1
148,1,19,2,6,0,0
1946,2,9,1,4,3,0
1627,1,18,6,6,3,1
1896,1,4,4,2,4,0
412,1,9,6,2,2,0
894,2,18,6,0,0,1
572,2,6,2,6,2,0
1396,1,18,5,6,6,0
1433,1,18,2,3,0,0
607,1,17,5,1,6,0
1522,2,15,1,2,1,0
656,1,8,5,1,6,0
1969,2,9,3,1,6,1
1170,2,2,2,6,2,0
692,2,17,6,1,6,0
1052,1,19,1,3,2,0
98,2,2,4,3,1,0
110,1,15,6,6,2,0
1689,2,11,6,1,3,1
1744,1,2,5,0,3,1
1519,1,8,2,1,0,0
631,1,3,6,2,4,0
932,1,14,2,6,0,0
1436,2,1,4,6,3,0
1946,1,20,4,0,4,0
323,2,18,4,1,0,1
1671,2,18,5,0,0,1
511,1,6,5,4,1,0
547,1,15,4,4,6,1
1163,1,13,2,1,4,1
1280,2,16,4,0,1,1
609,2,15,1,4,0,0
238,2,11,4,1,2,1
345,2,17,2,3,2,0
1094,1,1,6,2,0,0
1058,2,11,4,2,2,0
480,1,15,4,3,6,1
1722,2,20,5,1,1,1
1338,2,9,5,3,4,0
950,2,18,3,6,2,0
720,1,15,6,2,4,1
187,2,19,5,6,0,0
53,2,1,4,6,3,1
1284,1,17,4,3,0,0
542,2,4,6,0,1,1
1030,1,13,6,3,2,1
1534,1,12,4,4,3,0
612,2,6,5,6,1,0
905,2,15,6,1,6,0
378,1,9,5,1,0,0
693,1,19,2,1,6,1
472,1,8,2,0,1,0
170,1,2,5,1,0,1
265,1,10,4,2,0,0
1440,1,16,5,4,1,0
258,2,20,1,6,6,0
1121,2,5,4,6,0,0
1128,2,3,1,0,6,0
109,2,5,2,4,3,1
1534,1,2,6,0,0,0
550,2,19,1,6,6,1
701,1,5,4,0,6,1
530,1,17,2,1,4,1
1102,2,7,1,3,1,0
1063,1,12,3,4,0,1
396,1,17,6,2,0,1
1052,2,18,6,0,4,0
1539,2,7,1,6,0,0
1743,1,5,4,4,1,0
685,1,13,5,3,0,1
587,2,1,6,0,0,1
1554,2,9,6,6,0,1
491,2,4,1,6,2,0
753,2,13,5,4,0,0
1882,2,3,1,2,0,1
501,2,16,1,3,0,0
240,2,17,3,6,4,0
1522,2,6,5,0,6,0
637,2,17,4,1,0,1
411,2,20,2,0,3,1
1488,1,14,3,0,0,0
797,1,4,1,6,0,1
633,2,6,4,3,1,0
1568,1,6,2,0,0,0
1117,1,9,3,2,3,0
1341,1,3,6,0,2,0
1329,1,7,6,4,6,1
1739,1,3,6,0,2,0
98,2,12,2,3,0,0
151,2,19,6,3,4,1
1072,1,11,1,0,0,0
90,1,4,6,4,6,0
818,2,5,2,6,6,1
500,1,12,4,1,3,0
488,2,20,1,1,6,0
766,2,3,5,0,6,0
1920,2,16,2,0,3,0
1299,2,17,5,1,1,1
567,1,4,3,3,3,1
828,1,20,6,0,0,1
1868,1,10,1,1,2,0
820,1,20,5,2,2,0
690,1,15,5,2,2,1
924,2,16,2,0,1,0
1965,2,19,2,0,0,1
605,2,10,3,4,3,0
1271,2,5,5,3,0,1
821,2,10,5,6,3,0
556,1,1,2,4,1,0
1346,1,17,4,0,0,0
1020,1,14,2,0,1,1
834,2,2,1,1,2,0
161,1,13,2,0,6,0
1345,2,10,4,0,4,1
745,2,6,5,2,0,0
710,2,5,1,4,1,0
39,1,14,2,3,0,0
327,2,14,5,0,3,0
61,1,9,3,6,3,0
659,1,19,3,6,0,0
1047,1,15,1,3,4,0
552,1,11,2,1,0,0
1627,2,9,4,0,6,1
1265,2,10,6,6,0,0
1070,1,7,4,3,4,1
502,2,4,1,2,0,0
1749,1,9,1,1,0,1
1434,2,17,2,0,4,0
394,2,11,5,3,2,0
726,2,8,4,4,4,1
319,1,3,5,6,3,0
1301,2,16,5,1,0,0
1190,1,16,1,2,3,1
154,2,18,5,2,4,1
1807,2,18,6,4,1,0
1273,1,5,1,2,0,1
1867,2,16,6,4,0,0
488,1,9,1,4,0,1
1631,1,6,6,6,2,1
881,2,4,6,2,0,0
431,1,16,2,4,3,1
97,1,4,5,0,3,0
198,1,4,5,1,1,0
72,1,15,5,0,2,1
1767,2,8,4,1,3,0
236,2,16,5,1,4,1
783,2,15,5,4,0,0
893,2,14,6,4,1,1
1735,2,3,3,2,0,0
656,2,6,1,6,6,1
215,2,19,1,3,2,1
465,2,14,4,4,6,0
73,2,8,6,1,1,0
419,2,17,1,3,2,0
355,2,3,4,0,0,1
577,2,18,4,6,2,1
940,2,14,2,0,0,1
1463,2,15,6,6,0,0
1809,1,12,6,0,6,0
1422,2,11,3,6,0,1
1406,2,13,2,6,6,0
1764,1,13,1,3,1,0
1890,1,10,1,1,3,0
673,1,20,4,3,6,0
1890,1,8,6,0,4,0
146,1,2,2,1,0,0
1459,2,3,4,4,3,1
1322,1,18,5,6,0,0
694,2,8,1,4,6,0
1826,2,5,5,6,6,0
1356,2,5,1,2,2,0
644,1,17,4,2,4,0
606,2,10,4,2,2,0
1396,2,12,3,0,6,0
170,1,6,3,0,3,0
1660,2,12,5,2,0,1
1361,2,7,6,6,0,1
146,2,12,6,6,6,0
585,2,10,2,2,6,0
1673,2,9,3,1,0,0
106,1,3,6,4,3,1
877,2,7,5,0,6,0
552,2,4,4,4,0,0
466,2,14,6,4,2,0
90,2,3,4,3,0,1
110,2,1,3,2,3,1
73,2,13,3,6,6,0
25,1,5,4,2,3,0
1431,1,7,1,0,0,0
1877,1,17,6,0,4,0
877,2,20,2,6,0,0
1101,1,8,5,4,1,0
906,1,4,2,0,0,0
1917,2,15,2,2,1,1
44,2,7,3,0,3,1
717,2,2,6,0,6,1
356,2,20,6,4,3,0
744,2,17,4,1,2,1
1764,2,7,1,1,2,1
1754,1,12,2,1,0,1
402,1,5,6,4,0,0
507,2,1,4,4,1,0
1562,1,18,2,2,3,0
592,1,7,6,0,0,1
944,1,8,3,4,3,1
1793,2,7,1,6,0,0
1737,2,3,4,3,3,1
119,1,7,3,2,2,1
1426,2,9,5,4,6,0
1069,1,20,6,0,0,1
468,2,18,1,0,0,0
1780,2,12,5,0,3,0
1701,1,7,5,0,3,0
1726,1,14,3,3,2,0
1593,2,17,1,2,6,0
672,2,10,3,0,6,1
1599,1,12,5,2,0,1
1255,2,8,4,1,0,0
1096,2,5,1,3,3,0
710,2,10,2,0,0,1
1731,1,10,3,2,6,1
263,1,10,4,2,4,0
1463,2,11,3,0,1,0
1838,2,10,3,3,2,0
1056,2,20,5,6,0,0
715,2,2,4,2,0,0
568,2,11,1,1,0,0
814,1,16,1,6,4,0
865,2,1,3,2,4,0
676,1,7,1,4,6,0
378,1,15,3,1,3,0
1113,1,19,3,3,0,0
651,2,17,3,1,1,0
6,1,3,5,1,2,0
912,1,11,5,3,2,1
327,2,19,5,4,6,0
1306,1,3,3,0,0,0
260,2,1,6,1,2,0
528,1,14,6,0,1,0
1589,2,13,5,1,0,0
161,2,7,5,0,0,0
16,1,7,1,6,3,1
929,1,17,4,2,0,1
1659,2,16,2,4,0,0
1592,1,8,5,2,0,1
452,1,10,3,1,0,1
1305,2,8,3,4,2,0
1185,2,6,2,0,6,0
1031,1,16,2,0,1,1
1363,2,4,4,2,4,1
93,2,8,2,1,3,0
1313,1,1,4,0,6,1
32,1,12,3,4,1,0
1011,2,1,1,1,0,0
1806,2,2,2,2,4,0
1951,1,11,5,2,0,0
697,2,5,5,0,4,1
1856,2,18,2,3,6,0
1364,2,16,6,4,3,1
340,2,11,5,3,4,0
1375,1,12,5,6,0,0
715,2,4,5,1,2,0
257,1,10,3,3,2,0
980,1,8,2,2,4,0
480,1,3,6,0,1,0
1949,1,20,2,0,3,0
1004,2,7,6,4,4,0
1232,2,11,6,2,0,0
1698,1,6,2,0,1,0
1198,2,9,5,6,0,1
1972,2,11,2,4,6,1
943,1,12,4,0,0,0
1884,2,16,2,0,0,0
1522,2,15,6,3,2,0
277,2,15,5,1,0,1
21,2,17,3,6,3,0
1245,1,6,3,3,0,1
1006,2,12,3,3,2,0
1250,2,7,5,0,3,0
1375,1,13,3,3,6,1
1924,1,20,6,3,3,0
1873,2,1,4,0,3,0
117,2,19,5,6,1,1
1631,1,3,4,4,4,0
71,2,19,2,4,1,1
53,1,10,2,2,2,0
1716,2,13,5,2,3,1
716,1,3,3,0,1,0
1690,2,16,2,1,0,0
723,2,20,5,6,4,0
1940,2,2,3,3,0,1
1687,1,9,3,0,0,1
785,1,2,2,2,0,0
1910,1,5,1,0,6,0
844,1,3,2,2,6,0
1148,2,14,6,2,4,1
1922,2,20,6,0,0,0
1233,1,14,1,4,1,0
1587,2,14,1,1,4,0
1268,1,19,2,6,4,1
1254,1,3,1,2,0,1
1784,1,8,3,6,1,0
1496,2,5,2,3,6,0
1695,2,14,5,0,6,0
13,1,1,4,2,2,1
88,1,17,1,3,6,0
135,1,13,4,6,6,0
1723,1,11,5,1,1,1
624,2,8,1,1,4,0
589,2,11,5,0,3,0
900,2,2,3,2,1,0
820,2,9,2,1,1,1
1046,2,5,2,0,1,0
1378,2,5,2,3,4,0
908,1,2,4,0,1,0
203,2,17,5,0,0,0
1277,2,6,2,6,1,0
946,2,13,6,4,3,0
266,1,12,4,3,3,1
251,1,6,5,2,6,0
1688,1,4,5,6,4,1
614,1,5,1,0,0,1
555,2,2,6,6,0,0
2,1,15,3,0,6,0
730,2,9,2,4,6,0
584,1,1,2,1,3,0
503,2,11,4,0,4,0
451,1,13,5,4,0,0
936,1,13,3,3,6,0
1980,1,19,5,6,0,1
867,2,12,5,6,1,0
1737,1,12,4,2,0,0
1924,2,5,1,3,0,1
1965,1,9,5,2,4,0
230,2,14,5,0,1,0
1062,2,7,2,4,2,0
37,1,2,4,3,4,0
554,2,17,6,0,6,1
1015,1,4,6,2,6,0
881,2,17,6,3,0,0
1310,2,19,1,1,0,1
1896,1,7,3,1,1,0
14,2,7,6,1,3,0
38,2,12,1,3,3,1
1297,1,11,2,3,2,0
1350,1,8,4,0,0,1
1664,2,20,2,4,0,0
1475,1,10,1,6,4,0
8,1,11,1,0,1,0
1954,1,16,4,4,6,1
1735,1,18,2,1,0,0
994,1,15,5,6,0,0
1855,2,19,4,0,3,0
1367,1,17,2,6,6,0
1745,1,16,1,6,2,0
319,2,7,2,0,2,0
1771,2,19,2,3,3,0
911,1,3,6,0,4,1
24,2,4,4,4,0,1
204,1,5,6,0,4,1
744,1,3,6,4,3,0
328,1,4,3,3,4,0
1225,2,20,5,6,4,0
1985,2,15,1,3,6,0
1195,2,15,6,2,1,1
1161,1,3,4,0,4,1
1391,2,7,5,3,3,1
917,1,13,4,6,1,0
1417,2,20,5,1,2,0
1949,2,1,1,2,4,0
1124,2,16,5,0,1,0
1815,1,20,4,0,0,1
1700,1,11,1,4,3,1
436,2,11,3,1,2,1
379,2,13,4,2,0,1
794,2,3,4,0,1,0
410,2,6,2,0,1,1
217,1,9,6,0,2,1
163,2,16,1,2,1,0
407,1,1,5,3,0,0
787,1,7,3,1,0,0
1596,2,18,6,1,4,1
1660,1,6,4,4,4,0
1928,2,1,1,3,4,0
1829,1,17,5,2,1,0
1283,1,8,1,4,6,0
216,1,7,2,6,2,0
313,1,9,3,2,4,0
686,2,1,1,0,0,0
215,2,11,2,3,2,0
1554,2,11,6,3,3,0
156,1,8,2,1,4,1
1466,2,9,5,1,4,1
1491,2,11,4,6,0,0
84,1,15,5,0,6,0
1744,1,3,2,2,6,0
858,1,13,2,3,0,0
1895,2,17,5,0,4,0
1853,2,18,2,0,0,0
1423,2,11,1,3,0,0
216,1,14,5,6,0,0
572,2,17,6,2,6,1
859,2,2,1,6,0,0
536,2,12,3,6,3,1
312,2,18,5,4,3,0
1655,2,8,6,0,1,0
1198,2,2,2,3,2,1
1129,2,17,2,6,2,0
88,1,7,4,1,0,0
1609,2,16,3,3,4,1
1280,2,20,4,3,0,0
169,2,5,1,2,1,0
1621,1,8,4,4,3,0
1068,1,19,5,3,2,0
199,1,14,5,3,6,1
1972,1,12,1,3,1,0
989,2,10,1,6,1,0
206,2,1,6,3,3,0
1517,1,16,4,3,2,0
98,1,3,1,6,6,0
359,2,14,1,0,4,1
1594,1,11,3,2,0,0
1436,1,10,2,0,1,0
1180,2,20,4,3,2,0
960,2,8,6,3,2,1
137,1,8,5,6,0,0
13,2,10,3,3,2,0
1552,2,20,5,0,4,1
311,2,9,1,6,6,0
1682,2,19,1,3,4,0
1342,1,11,2,4,6,0
171,2,19,3,0,0,0
1751,2,9,4,3,1,0
838,2,13,6,3,0,0
166,2,15,1,1,6,0
1049,2,18,5,6,0,1
725,1,2,1,0,0,0
1743,2,2,4,1,0,1
990,1,9,2,0,2,0
86,2,14,3,1,6,0
1973,2,19,3,4,1,0
403,2,13,1,4,6,1
877,1,20,3,1,2,0
1580,1,17,6,0,2,0
174,1,3,1,3,4,0
1222,1,5,6,4,2,1
1522,1,14,6,4,2,1
383,1,15,5,6,0,0
1486,1,7,5,0,3,1
790,1,7,4,2,4,1
337,1,3,3,4,0,0
1897,2,1,6,3,4,0
1291,2,8,4,6,2,0
1116,1,18,1,6,3,1
263,2,8,4,0,6,0
19,2,1,6,6,0,0
881,1,17,6,0,6,0
1047,2,18,5,0,1,0
403,2,14,1,1,0,0
1402,2,20,4,4,0,0
827,2,13,6,0,6,0
2000,1,18,2,2,0,0
641,2,2,5,6,2,0
1843,2,2,2,4,0,1
798,2,1,5,3,1,0
623,2,5,4,2,2,0
1661,1,8,2,6,6,0
1390,1,16,6,1,0,0
639,2,20,1,1,1,1
785,1,8,2,1,3,1
1506,1,11,5,6,4,1
1611,2,20,4,0,3,1
694,1,2,2,3,2,0
736,2,17,2,2,0,0
999,1,2,2,2,0,0
982,1,6,3,6,4,0
1724,2,9,6,2,2,0
1121,1,13,5,2,1,0
1706,1,6,5,0,6,0
569,2,7,3,4,6,0
370,1,5,1,6,3,0
1196,1,10,3,4,0,0
1750,2,14,2,0,3,0
1682,1,19,2,0,0,1
1276,1,5,2,0,3,0
1348,2,14,5,0,2,0
1487,1,5,1,1,1,1
165,2,4,4,2,2,1
1552,2,10,2,1,0,0
1737,2,18,2,0,0,0
189,2,16,2,0,6,0
328,1,11,1,3,0,0
331,2,7,6,0,0,1
1167,2,14,5,1,3,1
24,2,11,3,3,6,1
1574,2,17,6,0,0,0
161,1,1,4,0,6,0
1306,2,13,2,6,4,1
256,2,8,1,0,4,0
1297,2,11,6,0,4,0
106,1,8,5,1,2,1
1281,1,20,2,0,4,1
886,1,10,4,4,0,0
103,2,12,3,0,0,0
322,2,18,4,0,4,0
1380,1,1,1,3,0,1
1181,2,15,5,2,2,0
1459,2,3,2,6,3,1
1572,1,16,4,3,0,0
984,1,15,3,0,0,0
205,2,17,5,2,0,1
1941,1,11,6,6,2,1
1722,1,2,4,3,1,0
922,1,12,1,2,0,0
496,1,6,2,2,6,0
1090,1,19,3,3,0,1
1120,1,18,4,0,4,0
274,2,2,4,0,4,1
426,1,8,6,6,3,1
1906,1,3,1,4,3,0
49,1,17,6,1,3,0
919,1,7,6,6,0,0
565,2,9,6,4,0,1
1082,1,18,1,6,4,1
273,1,16,1,3,4,0
478,2,6,6,0,0,0
1481,1,3,3,0,0,1
1763,1,7,3,0,6,1
1488,2,1,3,6,2,0
1796,2,2,2,3,0,0
1525,2,19,1,0,1,0
268,1,3,4,3,6,0
1509,2,14,5,1,0,0
1005,1,19,5,3,3,0
1673,2,5,6,4,2,0
644,1,4,3,1,2,1
232,2,16,6,1,0,0
1105,2,16,3,2,2,0
1502,1,18,4,2,0,0
582,1,13,2,2,0,0
370,2,18,2,0,2,1
490,1,5,2,1,6,0
997,1,12,5,3,3,0
910,2,19,2,6,0,1
337,2,5,2,1,0,0
936,2,6,5,4,6,0
146,1,4,1,6,1,0
1667,2,1,6,4,4,1
1288,2,7,5,0,6,0
199,2,18,4,6,2,1
1866,2,19,2,3,0,1
30,1,12,2,2,0,0
1547,2,10,3,2,3,0
879,2,9,2,2,0,0
616,1,5,4,2,3,0
786,1,10,5,0,0,0
949,2,17,5,6,0,1
1393,2,14,6,1,2,0
1424,2,2,2,1,4,1
1103,1,13,4,2,0,0
15,2,3,2,2,0,0
1436,1,1,5,3,2,0
191,2,19,6,3,3,1
1019,1,4,1,2,4,0
1070,1,4,2,2,0,1
904,1,1,3,0,6,0
1981,2,18,2,0,0,0
198,2,6,1,6,3,0
22,1,8,4,0,6,1
1246,1,20,3,2,4,1
1647,1,13,5,0,0,0
1047,1,10,4,0,0,1
766,2,2,2,0,6,0
23,1,5,6,0,1,0
1980,2,6,3,2,2,1
879,1,5,4,4,6,1
707,2,5,5,0,4,0
1862,1,16,2,2,0,0
1162,2,4,4,6,1,0
994,1,8,2,3,4,0
1791,1,13,1,1,4,0
413,1,17,5,6,6,1
677,2,11,4,2,4,0
1244,1,17,1,1,6,0
1747,2,1,6,0,0,1
1877,1,12,1,2,0,0
1252,2,7,2,4,0,1
1686,1,16,6,1,0,1
58,1,17,2,1,4,0
331,1,13,2,0,3,0
680,1,10,3,0,0,0
3,2,12,3,1,2,1
907,2,12,2,0,1,1
216,2,16,4,3,4,1
1585,2,10,2,6,2,0
395,2,4,3,0,6,0
1477,1,2,4,6,4,0
386,1,19,5,4,1,0
1043,1,19,3,3,2,1
1873,2,3,2,1,4,0
1352,2,13,6,4,1,0
1559,2,16,5,2,3,1
948,1,15,3,2,1,0
808,1,6,5,1,0,1
1989,1,8,2,0,0,1
1595,1,16,1,4,2,1
1451,2,4,6,0,0,0
676,2,2,2,2,6,0
598,2,16,4,3,0,0
514,1,19,2,3,6,1
628,1,9,1,2,4,1
1639,1,6,3,6,2,0
762,2,19,2,6,0,1
652,1,12,5,0,4,0
1518,2,2,6,0,6,0
295,1,8,3,1,1,0
1692,1,8,4,1,2,0
656,1,11,1,6,1,0
1017,1,12,4,0,1,1
602,2,16,6,2,6,0
426,1,7,5,0,6,1
1438,1,8,6,4,4,1
1946,2,4,4,0,2,0
80,2,8,5,2,6,0
1741,1,9,3,3,4,1
979,1,1,1,6,3,0
1296,1,3,1,0,0,1
1106,2,18,1,1,1,0
284,2,8,5,3,0,0
1034,1,3,2,0,0,0
1277,2,20,5,6,2,1
295,2,10,3,1,3,0
1790,2,9,2,0,3,0
433,1,15,6,1,3,1
732,2,6,3,1,0,0
73,1,17,4,1,2,0
162,1,2,5,4,0,0
1789,2,15,3,6,3,1
571,2,1,3,2,0,0
657,2,3,1,1,0,0
1693,2,14,4,1,3,0
1151,1,20,1,4,0,0
1784,1,2,2,4,2,0
753,1,4,3,3,3,0
866,2,20,5,2,6,1
529,1,12,6,3,6,0
1738,2,7,6,1,0,1
1225,2,6,5,0,0,0
1502,2,3,1,4,4,1
1780,2,18,3,6,2,0
1741,1,9,5,2,4,1
1313,1,6,1,3,4,0
350,2,6,2,3,4,1
957,2,19,3,0,1,0
1385,1,14,1,0,0,1
1511,2,9,1,0,1,0
386,2,16,2,0,6,0
382,2,11,5,0,3,0
389,1,12,3,0,2,0
1305,2,6,4,2,0,0
714,1,14,3,0,0,0
1688,1,8,4,0,4,0
1508,2,2,5,4,0,1
1397,1,5,2,0,0,1
432,1,2,3,3,0,0
335,2,18,5,2,1,1
1428,1,1,5,6,6,0
463,1,3,2,3,1,1
484,1,20,1,0,4,0
1507,2,13,3,0,6,1
1829,2,4,4,3,2,0
747,1,6,3,1,6,0
466,1,18,3,0,6,1
1481,2,5,3,1,1,1
1942,1,1,2,1,0,1
767,1,2,5,0,2,1
1005,2,15,2,0,4,0
499,2,7,2,4,0,0
32,1,14,4,6,0,0
726,1,10,5,6,2,1
737,2,2,1,4,1,0
133,1,11,3,4,0,0
1043,2,2,6,3,3,0
335,2,16,2,1,2,1
1802,1,2,5,3,0,0
1463,2,12,1,0,3,0
120,1,2,6,4,4,0
321,1,1,5,1,2,0
1922,2,14,3,2,2,0
1123,1,20,6,1,4,0
1821,2,4,3,3,4,0
1107,2,19,4,6,0,0
1794,2,6,6,3,2,0
120,1,9,5,4,4,0
1560,2,16,2,6,6,1
1684,1,16,3,1,4,0
1709,1,15,6,1,0,0
571,1,5,2,4,3,1
1420,1,17,1,3,2,0
765,1,18,4,4,1,1
1396,1,14,4,3,0,0
1254,1,5,3,0,3,0
960,2,12,6,6,6,0
331,2,20,6,0,4,1
1428,2,2,3,6,2,1
1156,1,15,3,1,2,1
1843,1,18,5,6,0,1
359,2,17,6,6,2,0
1858,1,18,6,3,1,0
1436,1,7,2,6,0,0
185,1,14,2,0,0,0
1469,2,19,6,4,0,0
66,1,16,2,2,0,0
175,1,1,1,0,1,0
270,2,10,3,3,1,0
1920,2,17,4,3,0,0
899,2,7,2,1,2,0
1549,2,3,5,4,0,0
1145,2,15,3,6,2,1
489,1,15,6,0,2,1
874,2,12,4,6,0,0
239,2,2,3,0,0,0
330,2,11,6,0,4,0
920,1,6,6,4,3,0
237,2,4,6,0,2,0
842,1,19,5,0,1,0
1389,2,8,1,3,2,0
300,1,13,4,0,3,1
48,1,3,6,6,1,1
1813,1,20,3,1,6,0
1795,1,4,6,1,6,0
1640,1,10,2,2,0,1
684,2,6,1,2,0,1
1792,2,15,4,0,2,1
629,2,12,3,1,3,0
1869,1,8,6,1,0,1
499,2,10,5,3,2,1
158,1,18,5,6,6,1
1099,1,15,1,1,1,0
713,1,16,1,0,0,0
507,2,3,6,2,2,0
840,2,7,4,1,0,0
1413,2,14,1,3,2,1
782,1,19,3,4,0,0
1294,2,13,1,1,4,0
1974,1,1,6,0,2,1
868,2,11,4,1,6,0
481,2,1,4,6,3,0
1544,1,19,2,3,3,1
1159,1,18,2,0,1,0
239,1,20,2,6,3,0
1920,2,11,1,2,6,1
1000,1,6,5,6,0,1
330,2,2,6,0,0,0
1665,2,5,2,6,2,0
113,2,13,5,3,4,1
1424,1,18,2,4,3,0
1034,1,4,5,2,0,1
1962,1,7,3,4,1,1
125,2,16,6,0,4,0
1911,2,11,4,6,3,0
1354,2,16,5,6,2,0
261,1,16,3,3,0,0
970,1,17,2,6,6,0
875,2,5,4,4,3,1
1410,2,16,1,0,6,1
187,1,13,6,3,3,0
1827,1,15,1,0,0,1
1760,2,6,1,4,1,0
1552,1,17,5,2,4,1
1838,1,7,5,6,4,0
473,2,5,4,0,6,0
1855,2,1,3,4,3,0
1374,1,13,5,2,0,0
460,2,16,5,0,4,0
155,2,9,1,1,2,0
1265,1,11,5,3,6,1
119,2,10,6,1,3,1
183,1,7,5,6,1,0
154,1,1,5,0,6,0
1049,2,10,4,4,0,1
1087,2,20,1,3,0,0
261,1,11,6,3,6,0
580,2,5,6,6,4,1
1091,1,11,4,2,6,0
554,1,3,3,4,0,0
1795,2,12,5,4,0,1
175,1,13,2,2,0,0
1222,2,3,1,6,4,1
1218,1,4,1,0,0,0
481,2,12,5,0,0,0
152,2,6,1,6,3,0
431,2,4,3,0,1,0
167,1,12,2,6,0,0
1746,1,10,6,6,2,1
492,1,1,6,4,1,0
639,1,6,6,3,0,0
1559,2,16,2,0,3,0
642,2,13,1,0,0,0
397,2,18,2,3,1,1
659,2,1,3,3,6,0
1623,1,20,6,6,3,1
177,1,4,5,0,0,1
1317,1,19,5,0,6,0
1285,2,9,3,4,2,0
1108,1,13,3,4,1,1
816,1,15,6,2,2,1
1158,1,5,2,4,4,1
1569,2,1,1,0,0,0
1525,1,7,6,1,2,1
1491,1,15,2,2,3,0
375,1,2,2,3,2,0
1298,2,5,6,4,2,0
30,2,9,3,2,0,1
512,1,10,5,1,0,0
2,1,11,4,3,0,1
771,1,17,3,1,4,0
775,1,6,2,4,4,0
1229,1,2,6,0,3,0
217,2,5,4,6,4,1
385,1,7,1,4,6,0
688,1,3,3,0,4,0
700,1,1,6,4,0,0
1842,1,19,3,1,4,0
422,1,14,6,6,2,0
893,2,18,6,4,4,1
1186,2,1,2,6,2,1
487,2,19,3,4,6,1
1930,1,12,3,3,0,0
1778,1,1,6,0,6,0
1158,2,16,5,1,2,0
1936,2,2,6,2,0,1
1126,1,9,5,0,3,1
299,1,7,3,2,3,0
1427,1,6,1,3,4,0
237,1,2,3,1,0,0
1150,1,17,4,2,3,0
1340,1,17,4,0,2,0
1988,2,15,5,6,1,0
1372,2,19,6,0,6,1
1577,2,16,4,0,1,1
9,2,14,3,3,0,0
375,2,12,1,0,0,0
1415,1,19,1,0,4,1
72,2,14,1,6,4,0
84,1,4,4,1,1,1
1479,2,12,6,0,2,1
832,2,8,5,3,4,0
1167,1,1,5,6,4,0
1689,2,12,3,4,4,0
88,2,15,1,4,4,0
779,2,11,6,3,0,0
1522,2,6,3,3,4,0
1451,2,3,2,2,3,1
1892,2,4,1,0,1,0
733,2,4,2,6,0,1
1632,1,8,2,1,0,0
1206,1,11,3,2,3,0
863,2,10,6,2,3,1
1890,1,12,4,3,4,0
385,1,16,6,2,0,1
664,2,17,5,0,2,1
1094,1,17,2,1,1,0
537,2,6,3,2,6,1
778,2,7,6,0,0,1
1290,1,17,5,2,6,0
1071,2,7,5,0,0,0
558,1,11,5,2,0,1
1730,2,3,2,4,4,0
1874,2,3,5,1,3,0
966,2,16,3,6,6,0
1781,1,6,6,0,2,0
724,1,6,3,6,2,0
1068,1,1,2,6,0,0
1874,1,16,2,3,0,1
1532,2,10,6,4,1,1
1606,1,9,3,2,2,0
1754,1,12,4,0,0,1
406,1,10,4,1,0,1
671,2,8,4,2,3,0
1540,2,14,6,6,4,1
896,1,1,6,0,6,0
1618,1,7,5,0,6,0
35,1,11,2,0,0,0
372,2,16,4,6,4,0
649,1,17,2,1,4,1
685,1,8,4,2,0,1
121,2,19,2,4,1,0
1124,2,9,2,4,4,0
695,1,5,1,3,4,0
1946,2,13,5,1,1,0
1586,2,3,5,6,1,0
515,2,6,3,6,4,1
782,2,1,5,1,4,1
83,1,18,5,6,1,1
1676,2,18,6,3,2,0
931,2,17,5,0,4,0
1794,2,14,2,2,0,1
792,2,5,5,1,6,0
1389,1,14,3,0,4,0
1865,1,10,5,0,0,1
977,1,14,1,1,4,0
1437,1,18,4,3,0,0
1789,2,10,4,0,4,1
530,2,1,2,0,3,1
1187,2,12,3,3,2,0
1308,1,3,4,2,0,0
1464,1,8,2,2,0,1
1771,2,7,2,2,6,0
1049,1,6,1,0,0,0
1684,1,10,3,3,3,0
1542,1,20,3,1,1,0
695,1,10,6,3,4,1
1132,2,3,5,4,2,0
1833,2,4,6,3,0,0
93,2,13,1,3,3,1
886,2,15,5,0,0,0
288,1,11,4,0,4,0
1149,1,5,6,2,6,1
1214,1,17,5,1,0,0
1543,1,1,2,6,3,1
563,2,1,1,2,1,0
163,1,13,1,4,6,0
593,1,10,3,0,2,0
1645,2,9,4,0,0,1
704,1,13,2,3,0,0
988,1,2,1,3,0,1
1882,2,7,2,2,0,1
1242,1,15,5,2,1,0
139,1,18,6,0,0,0
460,1,6,2,0,0,1
540,1,18,1,4,3,1
1869,1,12,2,4,3,0
911,2,7,1,6,0,0
1134,2,10,3,0,0,1
916,2,11,6,3,4,0
1259,2,11,2,0,0,0
737,2,18,4,2,0,1
405,2,6,1,0,1,0
361,1,10,5,0,0,1
1291,1,16,6,6,3,0
1507,1,14,3,1,2,0
964,1,8,5,0,0,1
1206,2,10,2,4,3,1
178,2,15,4,4,6,0
1436,2,12,4,4,4,0
1062,2,19,4,3,4,0
251,2,13,5,6,1,0
353,1,10,4,1,6,0
567,2,13,3,2,3,0
1183,1,8,1,0,2,0
79,1,12,1,2,2,0
1393,2,13,3,4,0,0
1205,1,3,1,0,3,1
860,2,8,1,4,0,0
392,2,7,4,4,1,0
135,1,11,2,2,0,0
1720,1,17,1,4,6,0
1717,2,10,6,0,3,0
691,1,7,6,0,2,1
192,1,4,6,0,0,1
782,2,2,4,2,0,0
1925,2,7,1,6,1,0
230,2,12,2,4,0,0
1184,1,4,2,3,0,0
1559,1,17,2,4,3,0
1034,1,4,2,2,0,0
1720,1,8,5,0,4,1
86,2,11,6,2,2,0
1901,2,13,6,1,6,0
317,2,2,2,1,0,0
1046,2,9,5,1,0,0
261,2,9,1,1,1,1
832,1,1,5,4,1,0
1618,2,19,5,6,0,1
1564,2,14,6,0,0,0
484,2,5,1,4,0,1
316,1,12,2,4,0,0
1614,1,7,3,4,0,1
291,1,1,5,0,1,0
1139,1,7,4,1,0,0
1627,1,3,1,0,6,1
1166,1,5,3,2,0,0
1527,1,17,6,0,4,0
31,1,8,1,3,0,1
833,2,16,6,6,4,0
251,1,1,6,0,0,1
767,1,13,5,3,3,0
1133,1,1,4,2,2,0
627,2,18,6,3,0,1
29,1,15,2,4,2,0
1513,1,17,4,0,1,0
298,2,9,3,2,0,0
1101,2,18,5,1,4,0
205,2,12,4,0,0,0
885,2,13,5,3,1,1
1221,2,15,2,1,3,0
1317,2,14,5,6,2,0
602,2,16,5,1,3,0
1718,2,12,5,1,2,1
1083,1,19,5,2,0,1
1558,1,18,3,4,4,1
322,1,19,5,3,0,0
1858,2,16,4,1,6,1
1396,2,20,5,1,3,0
729,2,3,5,4,3,0
366,2,19,3,0,6,1
876,2,16,3,0,3,1
344,2,2,5,4,0,1
1022,2,14,6,2,4,1
7,1,11,6,0,0,0
1213,1,13,6,3,3,0
1556,1,15,5,6,4,0
729,1,8,6,0,6,0
1035,2,10,2,2,0,1
295,1,12,3,2,4,0
1755,2,5,3,3,2,0
173,1,9,5,6,0,0
1203,2,1,2,6,1,0
1468,1,7,6,0,1,0
1809,1,14,1,2,1,0
688,1,14,5,2,0,1
157,1,8,4,3,6,0
1551,2,8,4,3,2,1
1769,2,8,4,1,4,0
1145,1,7,1,2,1,1
1440,2,19,1,2,2,0
246,1,20,1,0,0,0
402,1,17,5,0,2,0
1865,2,14,1,0,1,1
365,2,11,3,4,3,1
40,2,1,2,1,0,1
1770,1,16,4,4,4,0
1375,2,7,1,0,2,1
767,2,16,2,3,4,0
1220,2,13,4,4,4,0
239,1,10,3,2,2,0
1720,2,20,3,0,6,1
1002,1,19,5,0,6,0
1205,1,3,2,1,2,1
478,1,18,1,0,1,0
1232,2,8,6,0,3,1
1547,2,20,2,1,0,0
487,1,14,1,6,3,0
1129,2,11,4,6,3,0
1600,2,20,1,0,0,0
1579,2,1,5,0,6,0
152,2,8,3,3,0,0
279,1,12,5,3,0,0
1342,2,11,5,4,0,0
507,2,11,5,0,2,0
1717,1,8,3,0,0,0
719,2,11,1,4,0,0
99,2,8,6,0,3,1
316,1,7,1,0,0,0
965,1,4,4,0,0,0
1428,1,20,2,4,1,0
1863,2,4,2,2,4,1
1634,1,10,3,6,3,1
1672,2,9,1,2,1,0
1669,1,10,6,4,1,0
1640,2,1,4,6,0,1
1237,1,16,6,0,3,0
510,1,8,3,0,4,0
1028,1,10,2,2,6,1
1760,2,5,5,0,0,0
1740,1,20,3,2,4,0
679,1,5,5,1,3,1
1926,1,4,2,1,2,0
1341,2,10,5,2,6,1
1154,1,10,5,0,0,1
1017,2,4,6,0,4,0
208,1,9,4,0,0,0
1112,1,11,3,0,0,0
968,1,6,3,2,0,1
317,1,2,5,2,0,0
1086,1,19,6,4,0,0
589,1,6,2,6,2,1
1591,2,6,1,1,6,0
549,1,20,6,1,4,1
1279,1,1,6,0,6,1
1034,2,20,3,4,2,0
1103,1,4,3,2,1,1
1416,1,20,1,3,3,0
1845,2,13,2,0,0,0
553,1,18,2,0,0,0
1491,1,19,2,4,0,0
1965,1,7,3,0,0,1
1791,2,1,1,6,1,0
979,1,10,4,3,0,0
516,2,20,6,3,2,0
1999,1,7,6,0,1,0
1374,2,18,5,0,3,0
1184,2,8,6,1,2,1
1959,1,1,2,0,0,0
1223,2,13,5,3,2,1
356,2,3,2,0,6,0
1202,2,11,6,0,3,0
934,1,11,1,2,6,0
93,2,10,6,0,2,0
1052,2,15,3,1,1,1
1729,2,14,5,0,3,0
1106,1,14,4,3,0,0
1188,1,5,2,2,2,1
904,2,4,1,2,2,0
1896,2,4,6,0,4,0
798,1,20,6,2,4,0
1362,2,20,1,0,0,1
1448,2,9,5,0,0,0
1632,1,7,2,0,2,1
448,1,8,1,6,0,1
1525,2,18,4,4,3,1
780,2,10,2,0,6,0
166,1,1,5,0,0,0
52,2,4,1,3,1,1
524,1,8,6,6,1,0
854,2,3,2,0,1,0
13,1,2,3,0,2,1
920,2,10,3,3,0,0
1996,1,4,2,0,0,0
1719,2,8,5,1,6,1
562,1,16,3,2,6,0
1110,1,18,2,0,3,1
535,2,10,1,6,0,0
365,2,17,1,4,6,1
1130,2,18,1,0,0,0
1911,2,1,2,1,0,0
223,2,19,1,0,2,0
538,1,2,2,0,6,0
1854,1,11,1,6,0,0
1005,2,20,1,3,1,0
1563,2,13,2,3,2,1
1964,2,7,5,2,2,0
1851,1,15,3,3,0,0
1345,1,12,3,6,0,0
746,2,11,2,0,6,0
924,1,14,4,6,3,0
1259,2,4,6,1,4,1
865,1,10,4,0,3,0
1504,2,1,3,3,6,1
1767,2,19,2,1,1,0
1473,2,1,2,1,4,0
653,2,10,2,4,2,1
1054,2,1,4,0,6,0
866,2,6,3,0,3,0
316,1,13,2,1,2,0
440,1,12,6,0,1,0
1019,1,4,1,4,4,0
1693,1,3,6,6,0,0
1537,1,14,4,3,0,0
33,1,12,5,0,1,0
922,2,4,3,6,6,1
1801,2,19,4,1,0,0
577,1,15,3,0,0,0
1815,2,16,4,2,1,1
392,1,11,3,2,1,0
1701,1,10,2,0,1,1
871,1,15,4,4,4,0
387,2,19,1,3,6,0
73,2,17,1,1,0,0
223,2,5,4,4,0,1
557,2,12,2,2,1,1
1516,1,16,6,0,0,0
1049,1,17,2,3,6,0
1990,1,12,6,3,1,1
1761,2,12,2,6,3,0
522,1,11,1,4,3,1
1901,2,14,6,6,4,0
161,2,20,3,6,6,1
1506,1,20,5,4,0,0
104,1,10,1,1,2,1
923,2,4,4,0,0,0
995,2,7,4,6,0,1
1021,2,2,4,4,0,1
1623,2,3,2,1,0,0
684,1,12,3,3,3,1
1925,1,17,5,0,0,0
1693,2,8,5,1,3,0
1973,1,10,2,4,3,0
1060,2,5,2,2,0,0
340,2,12,5,6,3,0
43,2,11,5,0,2,1
116,1,10,5,0,4,0
803,1,10,1,6,6,0
120,1,5,6,0,3,0
697,2,7,4,0,1,0
540,1,10,3,3,4,1
531,2,16,6,4,3,0
1042,2,1,6,3,3,1
394,2,8,6,2,0,0
357,1,4,4,2,4,1
58,2,9,5,0,0,1
342,1,18,6,0,1,1
81,1,8,3,6,6,1
1790,2,19,3,6,3,0
1019,1,2,3,1,6,1
745,1,7,6,4,3,1
316,1,16,4,6,0,1
331,1,9,2,4,0,0
1576,1,1,4,3,3,0
1100,2,1,4,4,1,0
950,2,19,2,3,0,0
1660,2,15,1,0,0,0
554,2,11,5,2,3,0
990,1,3,5,3,0,1
458,2,4,6,0,1,0
1518,1,15,4,0,0,0
1621,2,13,1,0,2,0
572,1,11,6,3,4,0
634,2,12,3,4,4,0
1414,1,14,3,0,0,0
1325,2,10,4,0,6,0
115,1,7,4,2,3,0
254,1,4,2,4,2,1
1161,1,18,4,1,1,0
1580,2,14,6,2,6,0
622,2,1,1,0,0,1
1343,2,10,6,0,1,1
404,2,3,4,4,3,0
771,2,6,4,0,6,0
8,2,17,3,0,6,0
458,2,8,1,0,3,0
1367,1,12,5,3,4,0
666,2,11,1,0,1,0
459,2,8,1,3,2,0
607,1,8,6,3,3,0
1151,2,6,4,4,1,0
1396,2,11,2,0,0,0
1695,1,18,2,0,3,0
461,2,13,4,0,1,0
1807,1,2,2,6,4,0
1697,1,3,4,1,6,0
1654,2,6,3,6,4,0
468,1,13,3,0,6,1
1323,2,5,5,0,0,0
329,1,8,6,0,0,0
1085,1,12,1,0,0,0
399,2,6,6,3,0,1
93,2,8,1,2,2,1
1453,2,16,3,0,6,0
1307,1,16,1,3,0,0
941,2,18,2,2,0,0
7,1,15,2,3,4,0
1553,1,14,5,0,0,1
308,1,13,2,0,3,1
1350,1,7,1,3,3,0
1324,2,2,4,6,0,1
526,2,5,4,2,2,1
1991,1,1,4,0,0,0
263,1,17,4,4,0,0
1224,1,14,4,2,0,0
662,2,17,4,6,0,0
476,2,8,4,6,1,0
1775,2,19,6,0,4,0
1313,1,20,5,1,2,0
1580,1,8,6,3,0,1
1987,2,18,5,6,4,0
556,2,5,5,2,1,1
1099,1,16,3,2,3,1
755,1,9,4,4,1,1
286,1,4,1,0,6,1
1053,1,7,5,4,0,0
1855,1,15,4,0,0,1
1171,1,10,4,0,1,0
220,2,7,6,0,2,1
1790,1,13,3,6,6,0
518,1,12,5,2,2,1
248,1,13,3,0,3,0
1797,1,2,2,6,1,1
694,2,7,5,3,1,0
419,2,17,4,2,4,0
115,1,6,2,3,2,0
1825,2,1,1,6,1,0
1418,1,5,2,3,4,1
1039,1,20,2,4,0,0
251,2,14,1,2,1,0
1561,1,6,4,2,6,0
1224,2,19,1,4,3,1
1565,2,14,6,2,2,0
206,1,3,4,3,3,0
939,1,5,3,0,0,1
575,1,20,5,0,4,0
213,1,15,1,2,4,1
959,2,11,6,3,0,1
1624,2,14,4,4,0,0
370,1,13,3,1,1,1
1082,1,18,1,3,1,0
1728,1,3,1,0,6,1
407,2,20,5,0,2,0
1997,1,9,5,3,0,1
509,2,18,3,0,0,0
1725,2,5,1,1,2,0
708,2,15,2,1,0,0
824,1,14,3,3,6,1
4,1,9,3,6,0,0
456,2,18,2,1,4,0
1612,1,20,4,1,3,0
413,2,3,5,4,2,0
1652,2,17,6,2,6,1
1511,1,9,5,1,0,1
1778,2,1,4,2,1,1
910,2,16,4,6,0,0
350,1,19,1,0,3,1
714,1,9,5,2,0,0
1579,1,11,3,0,6,1
1358,2,20,6,0,1,0
223,2,4,2,0,2,0
368,2,3,4,0,0,0
1321,2,15,4,4,0,1
1846,2,10,1,1,2,1
53,2,2,5,4,0,0
714,1,3,1,0,1,0
1027,2,6,2,0,0,0
872,2,1,1,2,4,0
1575,1,9,1,6,2,0
99,2,8,5,2,1,0
697,1,20,6,3,4,1
1535,2,19,5,4,6,0
1490,2,16,4,4,2,1
951,1,15,6,6,2,0
1783,2,10,4,6,0,1
787,2,15,1,1,4,1
1438,2,11,6,0,6,1
10,1,17,3,1,0,0
918,2,7,3,1,0,0
976,1,3,6,1,4,0
1927,1,19,3,3,0,0
1649,2,10,2,0,0,0
1803,2,6,3,4,3,1
72,1,5,5,6,6,0
1190,1,8,3,0,4,0
837,1,16,2,3,4,0
707,1,20,6,0,4,1
822,1,6,2,2,6,0
189,1,2,3,3,6,0
791,2,3,6,6,6,0
331,2,3,1,1,0,0
442,1,16,2,6,3,0
685,1,2,4,2,4,0
1518,1,8,1,4,0,0
195,1,8,1,2,1,0
65,1,18,5,1,3,0
1899,1,11,3,4,4,1
736,2,8,6,0,2,0
1186,2,20,5,2,4,0
1621,2,16,1,6,1,0
226,2,4,1,0,0,0
6,1,5,6,0,4,0
922,1,2,2,1,1,1
1270,1,7,2,0,1,0
221,1,8,6,2,1,1
394,2,2,5,4,1,0
895,2,9,3,6,3,1
126,2,20,3,2,6,1
1643,2,14,3,1,3,0
290,1,9,3,0,0,1
1605,1,9,4,0,0,1
320,2,7,3,0,3,1
151,2,15,1,1,6,0
1528,2,16,5,4,1,0
1095,2,15,3,0,2,1
228,1,15,1,3,0,0
1893,2,18,3,2,6,0
1149,2,6,3,0,6,1
895,2,16,6,0,2,0
332,2,3,3,4,0,0
832,1,12,2,2,4,0
285,1,6,1,3,0,1
81,1,7,3,1,3,1
1525,1,18,3,6,0,0
921,1,6,4,0,4,0
1430,2,18,2,4,0,0
454,1,10,2,0,1,0
739,2,9,5,0,4,0
1335,1,18,2,0,4,0
229,2,4,4,1,6,0
776,2,9,3,4,4,1
545,2,1,6,4,4,0
1477,1,15,6,2,3,0
1118,2,3,4,3,3,1
607,2,6,3,6,4,0
511,2,18,4,0,1,1
122,2,10,5,6,3,0
836,1,19,5,6,2,0
1760,1,5,3,3,6,0
1572,2,2,3,0,3,0
1370,1,12,1,1,0,0
1830,2,1,2,2,2,0
1102,2,11,1,0,6,0
1690,2,15,5,1,1,0
202,2,15,2,4,1,0
430,2,13,2,6,1,1
1820,2,20,1,6,0,1
1419,2,3,1,6,0,0
979,2,10,3,0,0,0
526,2,13,4,1,2,0
964,1,8,1,3,0,0
381,1,14,3,3,0,0
303,2,16,4,4,2,1
1053,2,1,2,0,3,0
1823,2,2,5,3,3,0
1195,2,6,1,3,2,0
133,2,16,3,0,3,0
1418,1,15,4,2,6,0
493,1,10,3,2,1,0
1909,1,10,4,1,4,0
264,2,13,4,4,6,0
1873,1,9,4,3,3,1
1060,1,3,5,4,6,0
1291,2,12,3,0,2,0
1933,1,14,4,1,6,0
1032,1,11,4,6,0,1
278,1,15,5,0,3,0
1651,1,13,2,1,3,0
222,1,3,5,2,1,1
1225,2,6,6,1,0,0
1058,2,2,3,3,0,1
1499,2,20,3,2,1,0
1635,1,16,3,0,0,1
261,2,11,2,6,1,0
1568,2,17,4,2,0,0
383,1,12,5,1,0,1
1249,1,14,2,3,6,1
1268,1,12,3,1,1,1
1978,1,9,1,3,1,1
1129,1,18,6,4,0,1
121,1,13,6,4,1,0
1964,1,10,6,1,0,0
1532,2,3,3,3,4,1
1933,2,10,5,0,0,0
1707,2,16,6,3,0,1
1246,2,17,2,4,1,0
358,2,18,6,6,3,0
1115,2,3,5,0,1,1
318,1,14,5,3,3,1
1257,2,11,4,4,1,0
514,2,2,6,6,2,0
138,1,19,4,0,1,0
820,1,14,4,0,2,1
1784,2,5,5,2,6,0
785,2,15,6,3,0,1
1764,1,3,4,6,6,1
1406,1,4,3,0,0,1
1356,2,6,5,1,0,1
803,1,10,1,2,1,0
1318,1,4,3,3,3,0
300,1,10,6,4,0,0
188,1,4,3,6,0,0
18,1,5,1,3,6,0
1915,2,8,4,6,6,1
1469,2,8,5,0,4,0
958,1,17,5,3,0,1
92,1,16,2,4,4,0
1571,2,15,3,2,4,0
259,1,3,2,2,6,0
880,2,1,4,2,1,1
1109,2,11,6,1,6,0
1417,2,16,5,6,4,0
1747,2,17,3,1,3,1
1604,2,12,3,4,1,0
1924,2,1,3,0,0,1
1894,1,7,2,3,4,1
348,2,6,1,6,3,1
1017,2,7,5,6,2,0
1237,1,2,3,1,0,1
1690,1,20,4,1,4,0
1476,1,11,5,0,0,0
166,2,1,1,0,3,0
1618,2,16,4,6,4,0
28,2,7,2,0,3,0
1951,1,13,4,1,1,0
1209,1,5,3,1,1,0
1044,2,16,1,1,6,0
1644,1,4,5,3,1,0
374,1,1,2,6,0,0
157,1,1,4,1,3,0
1750,2,16,2,3,0,0
497,2,10,6,1,3,1
1377,1,16,1,4,6,0
1657,2,8,4,1,2,0
1637,1,10,2,0,0,0
1482,2,18,2,2,4,0
479,2,14,1,4,1,1
1267,1,7,2,0,3,0
159,1,10,1,2,6,1
1586,1,8,2,0,1,0
1266,2,16,4,0,6,0
695,2,12,5,3,1,0
639,2,8,2,0,0,0
650,1,17,1,4,0,0
818,1,5,6,0,2,0
30,2,6,4,4,0,1
1143,2,8,4,1,0,0
273,2,5,2,4,0,0
1165,2,17,5,3,3,0
1491,2,3,5,3,0,1
1928,2,4,2,6,0,0
1668,1,9,2,3,6,0
1633,1,6,5,3,4,0
393,2,5,2,0,0,0
1274,1,8,5,0,1,0
1835,1,10,4,3,1,0
615,1,16,2,6,0,0
1922,2,1,3,6,4,1
1795,2,14,2,2,2,0
1652,2,6,1,6,0,0
256,2,13,1,2,0,0
692,1,13,1,1,4,1
127,1,15,1,6,2,0
177,1,7,5,0,0,1
509,1,17,3,4,6,1
235,2,2,1,0,0,0
1757,2,12,1,6,2,1
948,1,13,1,2,2,1
1698,1,13,1,6,0,1
1706,2,17,5,6,6,1
228,2,14,4,0,4,1
15,1,8,2,2,0,0
685,2,9,3,0,0,0
1896,2,12,5,0,0,0
1694,2,19,6,3,0,0
507,2,13,2,0,0,1
1824,1,3,1,2,6,0
1645,1,5,6,4,4,0
1196,2,8,6,0,0,0
1870,2,9,2,4,0,0
1734,2,19,3,6,1,0
865,1,13,3,0,1,0
342,2,19,4,0,1,0
146,2,2,1,0,0,0
500,1,15,4,0,4,1
789,1,18,3,1,0,1
670,1,16,1,1,4,0
534,2,8,6,2,2,1
605,2,18,2,0,1,1
1456,1,13,4,3,3,0
914,2,5,5,6,0,1
1533,1,1,3,0,3,0
1271,1,11,5,3,0,1
858,2,5,4,3,0,0
1189,1,2,2,3,6,0
1156,1,9,3,3,1,1
1944,1,8,1,0,6,1
1351,2,14,2,1,0,0
434,1,4,4,0,3,1
1415,2,4,5,6,3,1
828,2,9,4,0,0,0
77,1,3,3,1,2,0
981,1,12,6,6,0,1
870,2,9,6,0,3,0
407,2,17,3,4,4,1
1500,2,9,4,1,0,0
1661,2,12,2,6,0,0
895,2,5,6,6,1,1
221,1,17,6,2,4,1
1742,2,14,1,4,4,1
40,1,20,3,1,2,1
1473,2,10,5,6,6,0
1798,1,2,5,4,2,1
470,2,6,3,0,0,0
888,1,13,4,4,6,1
1415,1,3,5,0,0,0
1163,1,7,1,6,0,0
792,2,11,3,0,1,1
376,2,15,2,3,4,1
1080,2,10,1,0,3,0
889,2,6,6,3,1,1
997,1,7,2,6,3,1
404,1,13,4,4,0,0
127,1,16,3,6,3,1
279,1,16,3,6,2,1
855,1,1,4,0,3,1
545,2,6,6,6,2,1
1108,1,20,6,2,4,0
672,1,11,1,3,0,1
731,2,6,4,3,0,1
1610,1,5,4,0,3,0
1831,2,4,3,1,0,0
1790,2,13,4,0,6,0
1264,2,9,1,6,2,1
1285,2,5,6,0,6,0
973,1,15,1,1,4,1
1943,1,16,1,0,2,1
684,1,7,6,3,1,0
380,1,19,6,6,1,0
1174,1,3,6,3,0,1
1155,1,10,3,1,4,1
1352,1,20,1,6,0,0
974,1,6,1,2,0,1
960,1,17,3,1,6,0
1993,1,11,4,1,3,0
1833,1,1,1,0,0,0
372,1,3,1,4,1,0
85,2,15,1,1,1,0
1785,1,12,2,1,3,1
1823,1,20,2,0,0,1
269,2,17,1,3,3,0
780,1,12,3,6,1,0
144,2,10,2,3,1,0
1076,2,1,2,0,1,0
1016,1,6,1,4,0,1
1111,2,3,4,2,0,0
345,2,16,1,3,1,0
504,1,10,6,4,2,1
792,1,8,1,4,2,0
745,1,15,5,0,4,1
1989,1,3,4,0,1,0
1892,1,10,4,2,1,0
1461,1,17,4,0,0,0
1358,1,12,5,0,6,1
1218,1,20,1,1,4,0
1889,1,4,4,6,1,0
448,1,4,1,0,2,0
35,1,1,5,3,0,0
1272,2,10,5,6,2,0
1052,1,10,5,0,1,0
1762,1,19,5,0,1,1
1328,2,7,3,2,6,0
1417,1,8,1,6,6,1
1839,1,10,5,1,4,0
70,1,17,1,1,3,0
169,2,4,1,2,2,0
1618,2,15,2,1,6,0
194,2,19,6,3,1,0
323,2,5,4,4,0,0
992,1,12,5,0,0,0
1682,1,19,4,0,0,0
1538,1,14,5,4,6,0
1192,2,12,3,0,3,0
676,2,12,2,4,0,0
680,1,14,5,0,4,0
1419,1,17,2,3,3,1
1120,1,5,3,6,1,0
354,2,11,4,0,4,0
1726,2,16,2,0,0,1
1549,2,11,3,3,6,1
404,1,19,5,6,6,0
639,2,4,4,1,2,1
572,2,3,2,0,2,1
1161,2,18,1,1,4,0
154,1,10,5,3,4,0
1782,1,12,3,3,2,1
675,2,8,5,6,0,1
1730,2,17,6,3,1,1
825,2,17,5,1,3,1
933,2,10,1,0,0,0
1733,1,9,2,4,6,1
121,2,18,5,3,6,0
625,2,2,4,2,3,0
1922,2,10,2,1,6,0
1754,2,4,2,3,1,1
788,1,15,1,0,3,0
1582,1,17,5,0,3,0
594,1,15,4,1,1,0
550,1,18,6,0,2,1
1920,2,5,6,0,1,1
1733,2,19,6,2,6,0
974,1,4,2,6,6,0
907,1,10,3,2,0,0
1884,1,14,1,0,4,1
1677,2,19,1,2,4,0
875,2,14,2,2,3,0
617,1,11,1,0,1,0
1678,2,4,4,4,4,1
1179,1,3,6,3,0,1
1067,1,16,1,1,0,0
1276,1,13,1,0,0,0
1424,1,6,2,6,2,0
948,2,17,6,6,0,1
1178,2,18,1,0,6,0
1182,1,3,3,1,0,1
270,1,2,4,0,0,0
740,2,2,5,1,3,0
1072,2,13,5,0,0,0
672,1,3,4,3,3,0
1056,1,20,1,4,4,0
1283,1,7,3,4,3,0
545,2,3,2,2,4,0
645,1,12,3,0,1,0
1270,1,11,6,0,0,0
703,1,5,6,0,0,0
1156,2,14,2,3,4,0
228,2,11,4,2,3,1
879,2,19,5,6,0,0
1716,1,1,2,0,1,0
784,1,19,1,6,3,1
1280,2,10,5,2,6,0
1936,2,20,3,4,6,0
1669,1,14,1,0,3,1
118,1,20,6,1,3,0
528,2,3,1,0,0,1
1942,2,2,6,0,4,1
1588,1,1,3,4,2,1
412,1,18,1,3,6,0
628,2,8,3,0,6,0
455,1,14,5,6,0,1
647,1,8,4,1,4,0
41,1,2,6,2,3,1
82,2,5,6,4,0,0
1654,2,15,6,0,2,0
1818,1,2,3,1,0,0
116,1,14,1,2,1,1
1865,2,11,6,1,0,0
1814,1,9,3,3,4,1
225,2,14,6,4,6,0
935,2,9,5,0,6,0
228,1,8,6,2,4,1
1211,1,9,3,2,2,0
342,1,15,3,0,0,0
606,2,1,4,3,6,1
682,2,5,4,2,0,0
1852,2,14,1,2,0,0
308,1,16,3,1,0,1
1185,1,15,3,0,0,1
1863,1,6,6,1,0,0
1305,1,2,2,3,6,1
183,2,3,6,4,1,0
1771,1,11,4,4,6,1
878,1,6,6,6,3,1
1594,1,19,6,0,4,1
1002,1,3,5,2,4,1
835,1,3,1,0,0,1
389,1,3,4,2,1,1
1295,1,11,5,0,2,1
491,2,12,5,1,1,0
485,1,4,4,1,1,0
1149,2,8,1,3,3,1
1918,2,12,2,4,4,0
1183,2,3,2,0,1,0
461,2,12,6,3,0,0
892,2,13,3,0,3,1
230,1,12,2,4,1,0
77,2,13,4,2,3,1
985,1,3,3,2,1,0
395,1,7,5,0,3,0
1543,2,3,4,3,2,0
20,2,10,5,2,1,1
1754,1,20,3,4,1,0
1995,1,20,5,0,3,0
1047,1,10,4,0,1,0
1178,1,3,5,2,1,1
1590,2,14,5,1,0,0
1997,1,2,4,4,6,0
1702,1,16,2,2,2,0
199,2,10,1,4,3,1
1229,2,11,1,0,4,1
290,2,6,1,2,3,0
121,1,11,5,4,0,0
1557,1,15,6,1,2,0
1594,2,14,1,6,0,0
1218,1,12,2,6,1,1
1072,2,5,6,0,0,0
1905,2,18,1,2,3,1
1100,1,9,3,3,0,0
770,1,18,4,6,6,1
349,1,2,6,2,3,0
1403,1,10,6,3,1,0
928,2,19,1,1,3,1
781,1,12,6,1,4,0
598,2,13,2,4,1,0
1699,2,17,3,3,4,0
35,1,6,6,3,0,1
853,1,11,1,1,6,0
1656,2,17,6,0,0,1
231,1,8,4,2,4,0
1927,2,13,6,0,4,0
93,2,13,4,0,3,1
1582,1,17,1,0,3,0
468,1,8,6,4,6,1
1716,2,14,6,1,4,0
1100,2,6,1,0,6,1
140,1,8,4,0,4,1
2000,2,17,1,4,2,0
1981,2,4,4,6,0,0
1769,1,11,5,4,2,0
840,2,12,2,0,0,1
441,1,16,2,6,3,1
229,2,6,5,0,4,0
703,1,2,6,4,1,1
443,1,12,2,4,3,0
8,2,2,2,1,6,0
796,2,10,4,6,0,0
602,2,3,2,2,6,0
922,1,1,4,6,3,1
847,1,6,1,0,6,0
1099,2,20,2,0,3,1
1673,1,4,1,0,1,0
109,1,1,1,4,6,0
973,2,3,3,2,1,0
1018,2,6,1,4,3,1
114,2,8,2,3,1,0
1732,1,16,2,2,2,1
1314,2,9,6,6,3,0
1360,2,19,2,6,0,0
1628,1,16,3,6,6,1
215,1,19,3,6,0,0
1992,1,19,1,4,4,1
285,2,16,4,0,1,0
40,1,20,2,3,0,1
1024,2,10,3,6,2,1
1390,1,3,6,1,4,1
1443,2,6,4,0,2,0
1242,1,11,6,2,3,1
545,2,10,3,4,2,0
1073,2,2,5,3,0,1
145,1,1,3,0,6,1
1610,1,11,6,1,4,0
1290,2,14,1,4,4,1
1659,1,13,2,2,6,0
1529,2,11,4,4,1,0
1883,2,18,1,1,1,1
66,1,14,1,6,3,0
283,2,12,1,0,0,0
369,2,1,5,4,0,1
305,2,3,6,0,6,1
428,1,6,2,6,0,0
832,1,12,5,4,0,0
512,1,2,1,1,6,1
921,2,4,5,0,3,1
1317,2,9,3,0,3,0
222,1,11,1,0,4,0
1495,1,19,5,2,2,0
804,1,15,5,6,0,1
571,2,6,4,4,0,1
1399,1,4,2,3,4,1
1815,1,18,2,2,1,1
1294,2,19,5,1,1,1
645,2,7,2,2,2,0
483,1,14,6,6,3,0
749,2,20,6,0,1,0
214,2,11,3,6,0,0
547,1,15,5,0,4,1
1050,2,18,1,1,2,1
736,2,17,5,0,0,0
355,1,12,6,4,2,1
612,2,5,4,2,6,0
354,2,19,2,6,1,0
1902,2,13,1,6,0,0
1192,1,16,6,4,3,0
1387,1,8,3,0,2,0
1040,1,13,2,1,6,0
1620,1,2,1,0,6,0
75,2,9,1,2,1,0
1159,1,10,6,4,3,0
100,2,3,3,6,4,0
320,1,6,2,4,0,0
808,1,10,3,6,6,1
21,2,20,3,0,0,0
1222,2,9,1,2,6,0
910,1,8,4,0,6,0
1557,2,17,2,2,3,1
1879,1,4,5,3,6,0
1476,2,3,2,6,3,1
1533,2,14,1,1,1,0
1484,1,16,4,1,6,0
1256,1,7,1,6,2,0
1174,1,16,4,0,4,0
1420,1,20,2,0,2,0
363,2,9,3,0,2,0
1252,1,17,2,6,0,0
16,2,8,5,6,0,0
734,2,6,6,3,3,0
321,2,20,3,0,4,0
1332,2,13,3,2,0,1
1442,1,16,4,2,2,0
259,1,19,4,4,6,0
873,1,13,4,2,0,1
1016,1,12,2,0,6,0
1059,2,20,4,2,1,1
803,1,20,1,0,6,0
654,2,8,2,3,0,1
1600,1,2,5,6,0,0
1647,2,18,1,1,3,1
1876,2,7,5,3,4,1
1919,1,18,5,6,0,0
1723,1,9,1,1,1,0
456,1,3,5,0,4,0
180,1,8,4,0,3,0
215,1,12,1,0,1,0
26,1,6,5,4,0,0
1899,2,17,6,3,2,1
378,1,15,5,0,1,0
336,2,20,1,4,0,0
1652,1,13,4,3,0,0
1843,2,15,5,4,2,1
1226,2,13,1,2,0,0
1426,2,3,3,2,4,0
1436,2,6,4,4,0,0
36,2,12,5,0,0,0
1059,1,5,5,0,6,1
915,1,3,6,0,0,1
30,1,7,2,1,3,0
1481,1,16,5,6,2,0
353,2,8,4,2,6,1
639,2,14,6,0,2,0
1162,1,6,5,0,1,0
1450,2,10,4,2,6,0
671,2,12,1,3,1,0
1246,2,19,6,0,2,1
523,1,10,5,0,2,1
59,1,18,4,1,4,0
1967,2,10,6,4,0,0
993,1,19,5,0,6,1
1671,2,11,3,2,1,1
1539,1,12,2,0,2,0
1374,2,16,2,0,4,0
4,2,6,2,1,0,1
1898,1,14,3,4,1,0
1021,1,17,5,2,0,0
721,2,10,1,2,2,0
1191,1,16,3,0,3,0
798,1,5,3,2,6,0
1099,1,9,6,0,0,1
287,1,1,6,0,4,0
1298,1,3,2,3,0,0
114,1,11,1,6,6,0
699,2,3,3,0,3,1
176,2,6,5,0,0,0
1418,1,19,3,6,3,0
806,2,10,3,4,0,0
1616,1,18,1,0,0,1
1024,2,9,1,3,6,1
1497,2,17,6,1,1,1
671,2,19,1,4,4,0
1994,2,2,1,0,4,0
991,2,12,2,3,4,0
47,1,2,3,4,4,0
424,1,3,5,4,6,1
1802,2,17,6,0,0,1
985,1,16,6,6,0,1
1989,2,1,5,1,2,0
1958,1,20,5,6,1,0
294,1,2,1,0,1,0
734,2,10,2,1,1,0
639,1,4,2,6,3,0
801,1,1,2,1,6,0
1216,2,16,4,0,0,0
242,2,18,2,1,0,0
774,2,16,5,0,4,1
1750,2,1,4,3,0,0
1420,1,13,3,3,2,1
59,1,11,2,1,6,0
324,1,3,1,1,4,1
613,2,5,5,4,3,0
515,2,8,5,3,1,0
1414,2,6,6,2,2,0
1326,1,1,2,0,3,1
866,1,17,3,2,3,1
493,1,14,1,0,6,0
1172,1,7,2,3,0,1
1562,2,8,3,0,0,0
1292,1,1,1,0,3,0
1180,1,13,5,0,4,1
175,2,5,6,4,2,0
416,2,11,3,0,2,0
563,2,8,3,4,2,1
1072,2,10,6,0,0,1
95,2,10,4,1,3,0
892,1,15,3,2,3,1
572,1,4,1,0,0,0
1541,2,17,2,0,3,0
927,1,18,3,4,4,0
1088,1,1,2,6,1,1
1759,2,7,1,3,0,1
48,2,6,1,2,0,0
1048,2,18,2,0,2,0
653,1,5,5,2,1,0
1736,2,9,4,6,2,1
918,1,14,2,0,1,0
477,2,1,4,6,6,0
1793,2,15,4,0,0,0
863,2,13,2,6,0,1
1573,1,9,4,6,6,0
260,2,7,1,6,6,1
1928,2,8,5,6,4,0
1084,2,2,3,3,2,0
1919,1,9,6,2,6,0
1887,1,1,5,6,4,0
1183,2,2,5,0,0,0
1470,2,15,6,4,6,0
672,2,10,5,2,3,0
109,2,7,5,2,4,1
681,1,20,2,3,0,1
1783,2,16,3,2,6,0
1984,1,16,3,0,6,0
303,1,15,3,3,0,0
354,2,1,4,6,4,0
838,2,1,5,6,3,0
108,1,10,1,3,4,0
547,1,14,4,0,1,1
610,1,16,5,6,0,1
484,2,7,6,6,0,1
1241,1,10,6,0,2,1
552,2,16,1,0,3,1
1982,1,10,6,0,2,1
561,2,9,6,1,6,1
1728,2,3,3,3,2,0
1619,2,18,3,0,3,1
189,2,4,6,4,4,0
794,2,20,2,4,0,1
704,2,2,6,6,6,0
1710,1,3,2,6,4,1
569,2,18,1,0,4,1
673,1,8,5,4,1,0
1650,1,12,3,6,2,0
1759,2,20,5,4,4,0
829,2,8,1,4,0,0
1767,2,15,6,0,0,1
1696,2,6,4,4,0,0
1914,1,1,5,0,2,0
568,1,9,4,0,0,0
1215,2,4,2,2,1,0
1962,2,20,2,4,3,0
693,1,19,5,1,6,0
699,1,16,1,0,1,0
984,1,14,4,2,6,0
1392,2,4,1,0,0,0
18,2,5,5,3,0,0
270,2,9,5,3,4,0
981,2,12,2,4,1,0
726,1,11,2,3,1,0
618,2,20,2,1,2,0
967,2,7,1,2,0,1
1390,1,3,5,4,1,0
1410,2,15,3,6,4,0
25,2,4,5,0,6,0
1554,2,6,4,3,0,1
1784,2,7,2,1,1,1
1397,2,4,4,0,2,1
469,1,6,6,2,0,0
371,2,15,4,3,3,0
84,2,4,6,0,1,0
864,2,17,5,2,1,0
1557,2,19,5,0,3,0
239,1,10,2,4,6,0
1073,2,9,5,6,0,0
1095,2,20,5,6,1,0
1691,2,6,5,2,2,0
1507,1,2,2,1,3,1
523,1,2,6,0,6,1
1790,1,14,5,4,3,1
805,2,13,5,3,3,0
1970,2,9,3,6,4,0
896,1,15,1,4,0,1
131,2,10,2,4,1,0
259,2,18,1,4,3,1
994,2,1,2,2,3,0
1404,2,13,3,2,0,0
1152,2,19,4,0,0,0
525,1,8,6,6,0,0
1607,1,4,1,1,2,1
1182,1,5,2,6,6,1
542,2,19,4,0,1,0
877,1,12,1,4,4,0
498,1,19,1,0,6,0
1084,2,9,4,2,0,0
1259,2,8,5,1,0,1
1301,1,20,5,0,0,1
1786,1,11,6,1,0,1
1172,1,15,4,0,3,1
1768,1,19,2,0,4,1
1389,1,12,4,2,1,0
1805,1,14,2,3,6,0
1547,1,17,1,0,2,0
1930,2,5,4,1,0,0
1423,1,11,1,0,2,0
1447,2,10,2,0,1,0
198,1,11,4,3,3,1
329,1,8,6,1,2,1
1435,1,9,5,3,1,1
1458,1,7,5,2,1,1
298,1,8,6,6,4,0
335,2,12,3,1,3,0
900,1,7,6,0,2,0
808,2,12,4,3,2,0
1397,1,17,4,0,3,0
605,1,13,1,4,0,0
1311,1,3,2,6,0,0
933,2,6,3,1,0,0
1628,2,2,2,0,2,0
1284,1,18,5,3,4,0
45,2,17,4,2,0,0
1254,2,1,3,1,2,1
439,1,7,2,0,6,1
1582,2,20,2,2,1,0
977,2,5,6,6,0,0
175,1,18,2,0,3,0
1301,2,11,1,2,4,1
1625,2,15,1,0,4,0
1676,2,11,3,4,0,1
620,1,4,2,0,1,1
1645,2,5,6,1,3,0
1053,1,11,1,1,6,0
256,2,8,2,6,0,1
1286,1,12,5,0,3,1
893,1,13,3,2,1,0
535,2,5,3,2,0,0
1292,2,5,2,1,0,0
644,2,15,2,6,6,0
802,2,15,5,0,4,0
422,2,5,2,6,2,0
828,1,13,5,0,3,0
1665,1,10,5,0,2,0
888,2,3,3,1,2,0
1836,2,8,4,4,6,0
1579,2,14,6,2,3,1
825,2,17,4,4,3,0
1578,2,16,3,2,6,0
768,1,5,1,1,1,1
1760,1,12,2,1,4,1
983,2,3,1,0,0,0
772,1,16,4,0,0,0
260,2,12,3,3,0,0
1107,2,6,4,1,0,0
930,1,10,5,4,0,0
1794,2,11,5,1,0,0
588,2,13,2,1,2,0
1411,1,7,6,0,3,0
1446,2,5,6,0,4,0
470,2,12,4,0,6,1
872,1,3,3,4,0,0
1485,1,18,1,0,0,1
1449,2,10,5,3,6,0
1927,1,10,6,3,1,0
559,2,16,2,4,1,0
15,2,19,2,3,0,0
349,2,14,6,1,6,0
275,2,8,2,1,0,0
774,1,2,3,1,0,0
384,1,13,3,0,4,0
565,1,14,4,6,1,1
1371,2,19,2,3,6,1
570,1,5,1,0,1,0
1584,2,17,4,3,4,0
1076,1,14,1,0,4,1
1713,1,1,5,0,1,1
861,2,7,6,0,0,0
967,1,10,4,1,4,0
710,2,7,6,1,0,0
1709,1,19,3,1,1,1
204,1,6,4,3,2,1
1583,1,8,5,3,3,0
870,2,16,2,1,3,0
143,1,20,1,1,0,0
1161,2,9,4,3,0,0
1601,2,6,3,2,4,1
1180,2,11,2,1,6,1
1677,1,3,5,0,3,0
1774,2,10,5,2,0,0
16,1,15,6,4,0,1
1523,1,17,6,0,1,0
1705,2,9,6,4,2,0
1911,2,7,4,0,0,0
1187,2,10,6,6,1,1
1065,1,14,1,1,1,0
918,1,16,3,4,6,0
481,2,9,3,1,4,0
280,1,3,5,3,6,0
1660,2,7,1,1,4,1
76,2,13,2,0,0,1
1851,1,2,4,4,2,1
365,1,8,2,2,0,0
1687,1,1,4,1,2,0
1896,2,11,3,1,4,1
1419,1,1,6,4,2,0
291,2,1,3,6,2,1
887,2,10,5,1,4,0
1330,2,20,2,0,2,1
856,2,9,5,1,6,0
275,1,4,5,0,0,0
1152,1,12,4,0,0,0
463,2,18,6,6,0,1
657,2,12,2,0,0,0
1292,1,13,4,2,0,0
1514,1,6,1,1,0,1
1599,2,15,6,0,4,1
1329,2,1,3,3,4,0
333,2,18,5,0,6,0
1591,2,11,6,1,0,0
361,1,7,1,4,4,0
827,2,12,6,1,0,1
88,2,15,2,2,1,0
1268,1,2,4,3,4,0
1737,1,4,3,0,6,0
1161,1,6,2,3,3,0
1354,2,13,3,3,3,0
1481,2,12,6,4,0,0
1741,2,11,1,3,1,0
923,1,4,2,0,2,1
1970,2,4,1,0,1,0
712,2,19,4,2,2,0
478,2,17,3,0,6,0
922,1,5,6,6,4,0
1444,1,17,6,0,6,0
582,2,10,3,4,4,0
957,2,20,3,0,0,0
834,2,7,6,2,0,1
257,2,12,5,0,3,0
554,2,18,1,0,2,0
784,2,16,1,0,3,0
1746,1,11,4,4,1,0
276,2,18,2,3,3,0
1114,2,13,2,0,0,0
1465,1,10,5,3,1,0
1895,1,3,4,0,2,0
508,1,10,4,2,0,0
187,2,20,2,6,3,0
1786,1,14,4,1,0,1
117,1,14,2,1,0,1
1044,1,2,2,1,1,1
1881,2,13,1,6,1,1
1693,1,19,5,1,1,0
1586,1,10,6,3,3,0
847,1,7,4,0,2,0
927,1,1,3,1,0,1
1492,1,12,3,2,1,0
352,1,20,4,2,3,0
1719,1,11,4,4,0,0
1214,2,6,4,3,0,1
240,1,3,4,4,0,0
308,2,9,3,0,3,0
922,1,11,5,4,2,0
1748,1,4,4,2,4,0
1178,2,6,4,0,2,0
1964,2,20,1,0,0,0
1293,2,2,1,1,1,0
1382,2,1,5,6,2,1
571,2,14,3,2,1,0
1526,2,2,1,3,0,1
1273,2,6,6,2,0,1
538,1,4,1,4,3,0
58,1,16,5,0,0,0
1546,2,17,2,0,1,1
1354,2,20,6,2,1,0
1915,1,12,5,3,0,0
1564,1,6,4,3,6,0
1027,1,9,1,3,3,1
282,1,18,2,3,2,0
453,2,3,4,6,2,1
1336,1,13,3,2,0,0
634,2,11,6,0,0,1
783,2,8,3,1,4,0
1052,1,18,4,0,3,0
1192,2,7,3,0,1,0
1282,1,5,5,6,1,0
1176,1,9,5,1,1,0
1926,1,1,1,2,0,0
504,1,7,5,6,4,1
898,1,6,4,4,3,0
828,1,9,3,6,0,0
580,1,17,5,2,0,0
715,1,8,3,1,0,1
192,1,17,3,0,1,1
1199,2,17,5,0,4,0
606,2,12,6,3,1,0
669,2,16,3,0,4,0
122,2,12,4,0,3,0
261,2,13,4,1,3,1
937,2,4,4,0,6,0
785,1,13,1,6,4,0
1673,1,18,4,3,0,0
1366,1,13,3,3,6,0
238,2,1,5,4,6,0
619,1,19,4,0,1,1
873,1,5,5,4,3,0
1179,2,14,1,6,1,0
1386,1,16,6,4,4,0
810,1,2,3,3,3,0
538,1,19,5,2,4,0
758,2,5,3,6,0,1
339,2,12,5,4,0,0
1579,2,6,5,2,0,1
1073,1,2,5,4,0,1
1779,2,19,3,3,0,0
593,2,10,2,0,0,0
1680,2,11,1,0,3,0
1620,1,8,5,4,3,0
1228,1,20,5,0,0,0
577,1,19,2,3,1,0
380,2,16,3,1,6,0
442,1,12,1,4,6,0
199,1,20,5,3,3,0
1113,2,16,5,1,3,0
360,2,15,3,4,0,0
488,1,18,5,0,4,1
953,2,15,5,4,4,0
1965,2,15,4,3,4,0
1947,1,15,5,0,6,0
1834,1,12,1,0,4,1
293,1,5,6,0,0,0
1260,1,7,5,3,4,0
1739,1,4,3,0,1,0
718,1,9,1,4,0,0
379,1,4,5,4,0,1
258,2,15,4,6,1,1
1902,1,1,2,2,0,0
941,2,17,5,0,3,0
1214,2,15,5,0,2,1
57,2,12,2,1,3,1
1447,1,11,6,4,4,0
1201,1,10,4,3,3,0
1081,1,13,4,2,3,0
1263,2,3,1,1,3,1
1304,1,5,6,1,1,0
11,1,8,4,4,1,1
62,1,18,5,0,4,0
353,2,3,2,0,0,0
253,2,20,3,4,2,0
1852,2,15,3,6,0,1
1191,2,16,5,4,4,1
1076,2,14,2,1,1,0
805,2,11,4,1,4,1
748,1,5,5,1,3,0
52,1,10,1,6,1,0
128,1,10,4,0,2,0
800,2,18,5,3,2,0
1910,2,17,4,3,2,1
990,1,8,1,4,0,1
244,2,5,5,2,0,0
1529,2,1,4,1,3,1
1633,2,6,6,0,2,1
493,2,14,1,3,0,0
1517,2,15,4,0,0,1
1547,2,7,6,0,0,1
